Name,Address,Mai
 Mrs. Lori Johnson,  791 Ryan Expressway\nSouth Jasmineview, OH 64838,  andrewkaiser@hotmail.com
 Mr. John Cox Jr.,  678 Kathleen Throughway\nRebeccamouth, OH 71359-0190,  ochung@gmail.com
 George Williams,  409 Alexander Pines Apt. 655\nLake Crystalfort, HI 38516-2329,  qvega@gmail.com
 Ralph Harper,  42144 Christopher Corner\nNew Erin, DE 55717,  michelle96@hotmail.com
 Julie Flores,  53160 Carol Lodge Apt. 647\nNew Johnport, DC 17152,  laurie23@hotmail.com
 Christopher Murphy,  54960 Alicia Unions\nNew Joshuaton, AS 98283-9142,  marybarnes@hotmail.com
 John Moran,  3820 Nichols Trace Suite 320\nLake Donna, WA 73991,  katherine02@yahoo.com
 Marissa Carter,  6266 Burnett Route Apt. 913\nGarciafurt, NE 35435,  michael76@yahoo.com
 Anthony Riddle,  7882 Steve Square\nEast Timothychester, MN 54851,  monica77@yahoo.com
 James Gonzalez,  786 Karen Mills Suite 933\nBrianview, WA 03433-7473,  joseandrews@hotmail.com
 Ivan Wiley,  87624 Jason Bridge\nRonaldshire, MP 44314,  howard51@gmail.com
 Justin Mclaughlin,  8840 Arnold Terrace\nNorth Joshuaville, AZ 39727-4471,  xphelps@gmail.com
 Shawn Holt,  0733 Christopher Plaza\nPort Jacquelineville, NH 81963,  benjaminramirez@hotmail.com
 Michael Miller,  PSC 7057, Box 4214\nAPO AA 87015,  andrewedwards@gmail.com
 Kelly Ellis,  PSC 7585, Box 5702\nAPO AP 40527-2896,  sara63@gmail.com
 Tanya Brown,  774 Christian View\nWest Gloriamouth, MI 74938,  nicholassloan@gmail.com
 Brandon Collins,  25965 Johnson Vista\nSouth Tomchester, WY 41729-9791,  williamsonkristopher@yahoo.com
 Tina Humphrey,  2001 Micheal Dale\nAngelashire, MH 23463-8056,  crystal10@yahoo.com
 Lori Cannon,  355 Sean Dam Apt. 204\nWest Matthewberg, WA 55270,  lisasteele@gmail.com
 Jacob Mendoza,  8965 Hernandez Ramp\nPaulshire, NY 48326-3503,  laurenwallace@yahoo.com
 Lisa Cortez,  31479 Nash Center\nJacobfurt, KY 72674-9224,  imoran@gmail.com
 Alicia Miller,  2047 Jeanette Cliff Suite 950\nMendozashire, UT 62075-9576,  paynerobert@hotmail.com
 Grant Cooley,  55116 Courtney Underpass\nLake Kennethburgh, ID 89788,  jhenderson@hotmail.com
 Loretta Martinez,  4492 Megan Rue\nLake James, CO 78087,  stephen07@yahoo.com
 Ryan Taylor,  77228 Marisa Crossroad\nCoxfurt, NC 30548-6753,  amyjordan@gmail.com
 Jennifer Weiss,  23441 Lori Bridge Suite 710\nLisaland, ND 53887-2907,  richard78@yahoo.com
 Nicole Mendez,  43678 Green Branch Apt. 499\nWest Gregory, FL 39962,  newtonsamantha@gmail.com
 Adam Hudson,  265 Hayes Cape\nEast Heather, CA 76697-0537,  uallen@yahoo.com
 Stephanie Collier,  97139 Smith Manors\nEast Jeffreyfurt, WA 78883,  badams@hotmail.com
 Sylvia Barber,  2453 Joshua Way Suite 208\nWest Chelseaborough, NY 97335,  kristen61@gmail.com
 Amanda Farrell,  338 Ashley Camp\nRogersfort, MH 82312,  robinbrandt@hotmail.com
 Laura Briggs,  8068 Adrienne Drive Suite 408\nNorth Patriciafort, WI 06092,  kflores@yahoo.com
 Rodney Rice,  5300 Danny Knolls\nColleentown, MH 09210-3455,  lawrenceolson@gmail.com
 Ana Nelson,  87518 Timothy Shores Suite 053\nNorth Robertport, OH 93770,  anthonywilliams@yahoo.com
 Jacob Aguilar,  830 Vanessa Lights Suite 649\nSouth Matthewside, OH 29129,  howelljoy@hotmail.com
 Michael Dominguez,  65278 Jerry Highway\nLake Hayden, ND 99495-0771,  dylan74@gmail.com
 Joseph Williams,  0727 Serrano Knoll\nDixonchester, MI 16733,  maryparker@gmail.com
 Eric Lopez,  7829 Brendan Terrace Suite 372\nEast Sarahville, IN 27104,  watkinsaaron@hotmail.com
 Marissa Hawkins,  328 Miller Mount\nPort Josephfort, IL 61228-3863,  fitzpatricknatalie@hotmail.com
 Maria Gordon,  30447 Jessica Drive Suite 765\nNicholaston, WA 66358-7366,  franklinkimberly@yahoo.com
 Bobby Berry,  736 Wade Club\nWest Brian, OR 63138,  warrenelizabeth@gmail.com
 Jordan Davis,  PSC 7816, Box 3219\nAPO AE 95626,  cannondestiny@yahoo.com
 Scott Lewis,  487 Patrick Falls\nNew Michaelberg, LA 78264,  dana04@hotmail.com
 Andrew Smith,  7283 Michael Rapid\nKristaton, AZ 14020-5210,  hickmanjuan@yahoo.com
 Tina Ellis,  USS Smith\nFPO AE 20126-4464,  jonesjonathan@yahoo.com
 Russell Higgins,  769 Erica Manors Apt. 295\nLake Brandy, GA 95771-6583,  hodgemary@hotmail.com
 April Russell,  46928 Bates Crest Apt. 181\nMichaelfort, AS 21213-2461,  petersontony@yahoo.com
 Emily Booker,  944 Nicholson Plains Suite 599\nPort Ashleychester, RI 37606,  ashleymolly@gmail.com
 Stephanie Gomez,  04339 Lonnie Gateway Suite 858\nNorth Lindsayville, VT 30736-7659,  baileyshari@yahoo.com
 Melinda Roberts,  31825 Katherine Vista\nLake Zacharyberg, CA 76712-9408,  michaelbailey@yahoo.com
 Thomas Erickson,  193 Hodges Shore\nMurphybury, MO 26143-5576,  campbellwendy@gmail.com
 Chad Robinson,  Unit 5132 Box 3775\nDPO AP 61380-1000,  hvargas@yahoo.com
 Mary Small,  395 Cox View Apt. 141\nPierceport, NY 84386-2077,  tonycarter@hotmail.com
 Denise Jones,  2482 Stacey Valleys Apt. 035\nNew Stephen, MO 12077,  bpatrick@yahoo.com
 Lisa Coleman,  03767 Moran Key Suite 129\nPort Sandraland, MN 08525-8069,  jlopez@yahoo.com
 Alec Jones,  0930 Sandra Streets\nStevensport, OK 06305,  kristinmurphy@hotmail.com
 David Stark,  862 Tiffany Square Apt. 635\nSouth Christinashire, AS 68319,  michaelchambers@yahoo.com
 Daniel Thomas,  4870 Weaver Road Apt. 451\nEast Thomasshire, OK 03588-3722,  jimmyprice@gmail.com
 Tina Frey,  USS Grant\nFPO AA 51455,  jamieburnett@yahoo.com
 Megan Armstrong,  1053 Byrd Burgs\nLeeview, OR 41089,  jane75@yahoo.com
 Kristina Torres,  282 Webster Road\nPort Samanthamouth, MS 90260-5892,  andrewcampos@hotmail.com
 Jill Archer,  4572 Banks Square\nDanielport, OH 54030,  selena36@gmail.com
 Cameron Pope,  881 Sanchez Prairie\nNorth Courtney, ID 97713,  michael90@gmail.com
 Benjamin Jimenez,  294 Rodney Ports\nWest Codyville, MP 59632-6800,  travis94@yahoo.com
 Amber Stevens PhD,  PSC 9583, Box 7728\nAPO AP 71097,  jessehuynh@gmail.com
 Jason Patton DDS,  80682 Cassandra Forks\nSusanview, ME 01885,  matthew88@yahoo.com
 Mark Williams,  PSC 4531, Box 2904\nAPO AE 00390-7930,  tthomas@yahoo.com
 Scott Fritz,  754 Kenneth Field\nEast Austinborough, GA 59592-6866,  leahglass@gmail.com
 Emily Mckinney,  1874 Lopez Trail Apt. 564\nDouglashaven, IL 05686-8071,  cunninghamjenna@gmail.com
 Jason Chapman,  270 Holly Rest\nLake Madison, MS 36840-0320,  jenniferelliott@gmail.com
 Ryan Davis,  Unit 1344 Box 6526\nDPO AA 73491,  kaitlynfreeman@gmail.com
 Frederick Aguilar III,  52433 Andrew Views\nArcherbury, WA 52072-2833,  vrhodes@yahoo.com
 James Bean,  514 Farmer Plains Apt. 429\nLake Janetberg, CO 06620,  wanda81@yahoo.com
 James Johnson,  PSC 6450, Box 6947\nAPO AA 91977-4304,  shannonhill@hotmail.com
 Lee Higgins,  USS Curry\nFPO AA 35038-1795,  dylanmitchell@hotmail.com
 Fernando Smith,  721 Lopez Harbors\nSaundersfurt, NE 54684,  jaygutierrez@hotmail.com
 Craig Tanner,  4742 Johnson Union\nWoodschester, AK 25587,  deanchan@hotmail.com
 Deanna Reed,  6724 Mary Spurs\nWest Mollyside, CT 57025-8719,  donna77@yahoo.com
 Tara Martin,  4753 Robert Stream\nDylanbury, WY 26011,  leedavid@yahoo.com
 Erica Hoover,  229 Sanchez Flat\nDanielport, AL 34534-0736,  mary51@yahoo.com
 Robert Aguilar,  1010 Boyer Village\nSamanthaton, PR 91000,  trevorcarter@yahoo.com
 Jeffrey Mccoy,  65773 Jennings Burgs Apt. 966\nHardyport, SD 10901-5163,  ofry@gmail.com
 Scott Perez,  46464 Bruce Neck Apt. 665\nEast Antonio, UT 35959,  kylerobinson@gmail.com
 Dorothy Stokes,  526 Brown Vista\nSouth Craig, MH 00784,  kingmatthew@gmail.com
 Curtis Rojas,  1352 King Fort Suite 536\nNew Jason, SD 87776-5383,  wanderson@yahoo.com
 Micheal Watson,  73130 Karen Rapid\nGregoryfort, WA 35836-9257,  cesar06@gmail.com
 Nathaniel Cox,  PSC 3443, Box 8124\nAPO AA 63143-1144,  joycebarnett@gmail.com
 Kristen Burton,  9151 Ramirez Greens\nSullivanfort, AZ 11350-9890,  thomas72@hotmail.com
 Veronica Jones,  099 Margaret Burgs Apt. 527\nSouth Alexandraland, SD 66520-3222,  xortiz@hotmail.com
 Megan Kennedy,  37279 Sandra Lights Apt. 256\nTorresshire, VA 12933-9802,  wilsonaaron@hotmail.com
 Shannon Romero,  PSC 9361, Box 0711\nAPO AP 28242,  gchase@yahoo.com
 Kimberly Manning,  50187 Watkins Knolls\nLake Tasha, GA 66602,  apadilla@hotmail.com
 Wesley Miller,  220 Richard Centers Apt. 365\nSouth Lisa, DE 69816-5919,  brooke73@hotmail.com
 Phillip Thompson,  10295 Brown Harbors Suite 306\nParksstad, MA 54563,  perrytyler@gmail.com
 Amanda Crawford,  9627 Manning Vista Apt. 031\nPort Christopher, SC 51023,  mcconnelllinda@gmail.com
 Pamela Taylor,  9522 Joshua Shoals\nWest Jennifer, NY 82086,  rebecca80@yahoo.com
 Todd Kelly,  215 Brown Cliff\nNorth Jenniferborough, CA 96321-9751,  lewisshaun@yahoo.com
 Amber Mitchell,  024 Young Brooks Suite 916\nDavidside, KY 18122,  heathercarpenter@gmail.com
 Michael Roberts,  PSC 6054, Box 5408\nAPO AE 40215,  tina52@gmail.com
 Sarah Knapp,  4358 Moody Stravenue\nSouth Ryanborough, KS 93201-0890,  cbrown@gmail.com
 Tamara Maldonado,  55587 Walker Islands\nSeanton, LA 25868,  virginiamalone@gmail.com
 Jonathan Sherman,  7307 Norton Prairie\nSouth Jordan, PW 10993-4679,  rachelsanchez@gmail.com
 David Cross,  17927 Long Forges Suite 164\nKatherinefurt, LA 77163,  sanchezsara@gmail.com
 Suzanne Savage,  1270 Brown Rapids\nRobertburgh, OH 47088-4922,  sullivantimothy@gmail.com
 Matthew Singleton,  3546 Brown Fork\nSouth Kimberly, NC 62817-4764,  sarahmarshall@gmail.com
 Amanda Collins,  000 Keith Loaf Suite 875\nNew Deborah, WA 73658-8596,  joseph74@hotmail.com
 Zachary Kirby,  950 Howard Mount Suite 463\nNew Christopherton, FM 11586,  douglasclark@gmail.com
 Kathryn Simon,  81074 Zachary Harbor Suite 375\nGrimestown, DC 09717,  webernancy@gmail.com
 Alexis Frost,  2765 Tara Park\nSouth Robertfort, MT 90574-9119,  glewis@gmail.com
 Stacey Levine,  345 Russell Passage Suite 848\nSouth Timothystad, WA 73344-4877,  katherinemorris@gmail.com
 Rachel Boyle,  038 Robert Summit Suite 234\nMorganchester, AR 11465,  travisgraham@yahoo.com
 Andrew Chavez,  Unit 0773 Box 2671\nDPO AA 85315-0115,  hernandezbryan@hotmail.com
 Ellen Wall,  87940 Wells Islands Suite 031\nWardton, ND 06896-3151,  amber25@gmail.com
 Nicole Mendez,  9045 Wiley Roads Apt. 915\nBrooketon, OH 93742-3470,  courtneyjenkins@yahoo.com
 Austin Nunez,  8313 Cruz Stravenue Suite 921\nAlejandrotown, AK 90522-5550,  smithangie@hotmail.com
 Eduardo Davis,  387 Lauren Freeway Suite 469\nWilliammouth, NH 33749-9415,  john82@hotmail.com
 Jordan Evans,  32695 Thomas Passage\nWest Lisaport, AZ 80417,  rroberts@gmail.com
 Peter Brooks,  70614 Erica Loop\nLake Jose, IL 49908-1483,  khaynes@gmail.com
 Judith Nichols,  64052 Karen Mountain Apt. 837\nSouth Mary, NV 32685-8587,  andrea03@hotmail.com
 Michael Nelson,  457 Anderson Stravenue\nMccoyville, SD 07678,  christina10@hotmail.com
 Angela Dawson,  51534 Dean Cliffs\nStacyburgh, TN 71077-8982,  tapiakyle@gmail.com
 Angela Allen,  4448 Alexis Dam\nWest Brian, RI 49041-0850,  krystal56@hotmail.com
 Carl Johnson,  441 John Overpass Apt. 425\nRussellborough, FL 30938,  shanehowe@hotmail.com
 Christopher Allen,  PSC 1461, Box 0561\nAPO AA 40689,  maria22@gmail.com
 Erik Smith,  2775 Dawson Loaf Apt. 295\nPort Brian, MT 52706-8589,  lisabrown@yahoo.com
 Latasha Jones,  1979 Martin Hill\nWest Tyler, PA 89161-0252,  glorianorton@gmail.com
 Julie Phillips,  554 Peterson Island Suite 400\nPedroburgh, PW 55518,  pricerachel@yahoo.com
 Susan Wilson,  8040 Janet Vista Apt. 701\nPatriciaside, MN 16420-7242,  alyssa47@gmail.com
 Anthony Lopez,  2667 Todd Landing Apt. 870\nEast Patriciamouth, NY 59289-0304,  gabriela78@yahoo.com
 Eric Clarke,  3700 Brenda Estate\nPort Anthony, DE 33299,  christianmartin@hotmail.com
 Ashley Harrington,  740 Hardy Circles Suite 197\nNew Emily, NH 48460-3155,  stephanie93@gmail.com
 Linda Peters,  132 Rivas Street\nSouth Kellyside, NH 29450,  flynnashley@gmail.com
 Timothy Dyer,  22279 Armstrong Alley Apt. 517\nRebeccaville, HI 61336,  william83@hotmail.com
 Melanie Bullock,  3402 Samantha Stravenue Suite 532\nNorth Josephside, MA 62883-8252,  stephen73@yahoo.com
 Ashley Ramirez,  123 Jessica Lakes Suite 856\nJonesbury, PW 29791-5114,  kimberlywade@gmail.com
 Thomas Bell,  089 King Villages\nNorth Tammyburgh, SD 20160-0207,  davismelissa@hotmail.com
 Catherine Rodriguez,  1183 Krause Center Apt. 132\nHansenfurt, IA 77406,  billytucker@yahoo.com
 Melinda Baird,  028 Nguyen Glen Suite 753\nNew Lynnland, MA 73447-6095,  lauren03@hotmail.com
 Kevin Murphy,  Unit 1023 Box 9836\nDPO AP 50479-7543,  moorejoshua@hotmail.com
 Stephanie Blankenship,  219 Odonnell Mills Apt. 113\nPort Lisaport, PW 36537-3545,  melissa68@yahoo.com
 Margaret Galvan,  634 Ward Club Apt. 845\nWest Nancystad, PW 21466-6242,  moorealex@gmail.com
 William Fox,  2084 Stacy Fork\nEast Josephburgh, TN 82423-3686,  bgutierrez@gmail.com
 Michael Barnes,  97193 Pace Mills Suite 866\nMurraytown, CO 38354-0827,  wendy95@gmail.com
 Christy Meadows,  682 Gomez Springs Suite 405\nSouth Carmenmouth, OH 81633,  barrettross@yahoo.com
 Bianca Friedman,  5864 Alice Mall\nHamiltonberg, DC 86223-4035,  amysmith@yahoo.com
 Brianna Campos,  PSC 1635, Box 1104\nAPO AP 88321-8972,  erinmullen@hotmail.com
 Katherine Turner,  4484 Jesus Passage\nSouth Michael, GU 32227-3433,  derekshelton@hotmail.com
 William Curtis,  94074 Kara Lights Apt. 629\nScottfurt, FM 23673-7601,  frank35@yahoo.com
 Mallory Olson,  3282 Gonzalez Via Suite 062\nSouth Shannon, OH 07890-4136,  pecksamantha@hotmail.com
 Donna Solomon,  7087 Robertson Circles\nYatesport, PW 50194-0475,  adambrown@hotmail.com
 Jennifer Brooks,  883 Jennifer Cove Suite 065\nSouth Mckenzie, NY 26898,  jacksontammy@hotmail.com
 Brandon Richards,  54535 Hobbs Groves Apt. 040\nPort Josephview, ID 02667-3348,  mperkins@gmail.com
 Donna Smith,  427 Amber Cliff\nEast John, CT 31214-9185,  riosdakota@hotmail.com
 Mary Webb,  99315 Daniel Road Apt. 558\nMichaelmouth, DE 18303-9615,  hbrown@gmail.com
 Robert Booker,  2088 Robertson Glen\nLake Matthew, NV 10580,  kempchristopher@hotmail.com
 Eric Perkins,  5581 Frederick Spring\nLake Oscar, VA 10032,  justin40@gmail.com
 Natasha Garcia,  054 Bennett Drive Suite 213\nCardenasburgh, AS 33291,  churchjames@gmail.com
 Patrick Salinas,  98729 Connie Parks\nPort Chelsea, ME 14940-1020,  robinsonpeter@hotmail.com
 Cynthia Howell,  45495 Carol Cliffs\nLake Duane, AS 87484-8175,  diane00@gmail.com
 Jackie Gomez,  935 Johnston Oval Suite 880\nNorth Gregory, MH 17407,  jgordon@gmail.com
 Alexandra Henderson,  611 Elizabeth Causeway Suite 310\nErinmouth, MS 70388-1392,  smithcarol@hotmail.com
 Donna Murphy,  343 Laura Crossing Suite 644\nLake Timothy, TN 68922,  amandadavis@hotmail.com
 Margaret Johnson,  48807 Logan Crossing Suite 982\nAlvarezmouth, VA 82211,  edwardsanchez@yahoo.com
 Anthony Harris,  PSC 6639, Box 0326\nAPO AA 52997,  lauriekelley@gmail.com
 Pamela Henry,  0874 Wheeler Pine Apt. 796\nKimberlyville, MA 55357-1044,  franklinthornton@yahoo.com
 Renee Nichols,  39427 Mariah Pine Apt. 131\nPort Amanda, OH 78171-7111,  vcruz@hotmail.com
 Jodi Fletcher,  USCGC Mack\nFPO AA 17544,  kimberly13@gmail.com
 Michael Silva,  6172 Green Canyon Apt. 458\nNorth Yolandamouth, MS 66467-6330,  bsteele@gmail.com
 Christopher Kerr,  6123 Richards Bridge Suite 706\nNicholefort, MD 57938-5369,  kgarcia@hotmail.com
 Haley Johnson,  USCGC Jones\nFPO AA 30571,  jturner@gmail.com
 Anthony Sanchez,  39031 Stefanie Common Suite 582\nWoodsview, VA 77352,  pamela76@gmail.com
 Jennifer Hunt,  270 Jennifer Junctions Suite 540\nLake Michaelstad, NJ 72416-2289,  moorefrank@yahoo.com
 Madeline Deleon MD,  2369 Jeffrey Viaduct\nAlvarezstad, NM 09188-3320,  joshuamorgan@gmail.com
 Jennifer Alvarez,  215 Mcdonald Brook\nTranburgh, CT 13316,  qgarcia@yahoo.com
 Mary Thompson,  8763 Gary Rue\nEast Alexanderfort, NM 15481-0830,  melissa61@gmail.com
 Amanda Jones,  4260 Tina Path Apt. 386\nMedinamouth, CO 33603,  fwilliams@gmail.com
 Sarah Allen,  305 Juan Plain\nChapmanmouth, HI 68387-0420,  vgarcia@hotmail.com
 Tiffany Sanders,  5770 Tiffany Plaza Suite 561\nLake Josephfort, FM 40969,  samanthamills@yahoo.com
 Courtney Salinas,  579 Bryan Glen\nPort Charles, AS 99300,  uholland@yahoo.com
 Stacey Kidd DDS,  721 Erin Common Apt. 858\nGrahamville, NH 54981,  staceycoffey@hotmail.com
 Joy Clark,  91182 Williams Fields\nNorth Kimberly, RI 14202-8916,  jameshebert@yahoo.com
 Rachel Cruz,  PSC 7594, Box 0740\nAPO AA 55545,  jordannguyen@yahoo.com
 Michelle Davis,  302 Anderson Locks\nSouth Michael, KS 36522,  cknight@yahoo.com
 Tracy Mata,  69637 Katherine Cliff Suite 740\nWest Nicolemouth, RI 46035,  christianpatel@hotmail.com
 Gregory Murphy,  142 Raven Curve Apt. 230\nPricetown, ND 59754-6624,  cardenasjohn@gmail.com
 Richard Shields,  Unit 2618 Box 4161\nDPO AA 87699-9349,  sean81@yahoo.com
 Peter Ford,  881 John Common Apt. 631\nPort Erika, WY 67219-9206,  alexanderjohn@gmail.com
 Chad Reid,  1817 Stewart Stravenue Apt. 739\nNorth Michael, PR 18654,  jeremyjackson@gmail.com
 Kristopher Daniels,  2465 Phillips Crest Apt. 214\nButlerchester, WV 19123-6951,  phamilton@yahoo.com
 Ashley Williams,  PSC 4626, Box 7915\nAPO AA 26980,  kathleen19@gmail.com
 Mrs. Tiffany Fleming MD,  6282 Charles Ports\nWest Ricardotown, NE 15356-3823,  william00@yahoo.com
 David Skinner,  9948 April Center\nDeanport, AZ 31829-8125,  rodriguezkimberly@yahoo.com
 Jeffrey Williams,  8094 Beck Parkway Suite 846\nMartinville, VA 13473-8800,  stephanieliu@yahoo.com
 Mary Phillips,  8056 Eric Station Apt. 436\nSouth Monicafort, NM 41328-5537,  randerson@yahoo.com
 Christopher Salazar,  211 Bishop Meadows\nBlanchardland, WI 08419,  sbrown@yahoo.com
 David Cruz,  508 Barbara Squares Suite 529\nNorth Melissaton, NY 06790-7392,  jwalters@hotmail.com
 Richard Shepard,  83829 Shawn Drive Apt. 830\nSouth Tony, WI 90972-4260,  faith02@hotmail.com
 Penny Bray,  84523 Richard Branch\nLisaland, AS 70325,  myoung@gmail.com
 Cheryl Rollins,  02241 Becky Road Apt. 061\nEvansshire, IL 58087,  bowendaniel@gmail.com
 Earl Castillo,  USCGC Conrad\nFPO AP 32055,  perezgregory@yahoo.com
 Katherine Rivera,  30225 Dean Parkway Apt. 520\nEast Erik, KS 30214-5751,  lisavaughn@hotmail.com
 Renee Diaz,  3430 James Views\nPort Matthew, VI 41617,  kdavis@hotmail.com
 Susan Steele,  147 Benjamin Falls\nKlinefort, KY 84977-2507,  hhughes@hotmail.com
 Stanley Martinez,  84720 Erin Lakes Suite 156\nIsaiahchester, WI 61223-3371,  enguyen@yahoo.com
 Randall Daniel,  Unit 4752 Box 6553\nDPO AP 04779,  jennifermurphy@hotmail.com
 Daniel Bennett,  190 Stephanie Road\nChristianburgh, NM 85019,  lfloyd@gmail.com
 Jordan Patton,  823 Shaffer Cape Suite 258\nEast Steven, MN 98363,  susan08@yahoo.com
 Lisa Martin,  227 John Throughway\nSouth Kellyland, CT 89168,  jessicacurtis@gmail.com
 Melinda Acevedo,  854 Harris Orchard\nObrienmouth, CO 22172-7876,  andrea55@hotmail.com
 Jeffery Cabrera,  PSC 0167, Box 4574\nAPO AA 48781-7874,  stewartricky@yahoo.com
 Michael Cardenas,  2867 Kevin Roads\nWest Jacob, GA 62448-8110,  bennettlisa@yahoo.com
 Angela Sims,  80539 Elliott Passage\nWest Scott, OH 91213,  pjames@gmail.com
 Alejandro Anderson,  7183 Mooney Divide Apt. 599\nVirginiabury, MD 59898-5039,  sierra54@gmail.com
 Jill Mitchell,  423 Rebecca Circles\nWarrenfurt, ME 31096,  sherinorris@gmail.com
 Eugene Jones,  411 Aaron Skyway\nSamuelmouth, HI 05944-5726,  jessicamitchell@gmail.com
 Carlos Garcia,  94303 Preston Circles Apt. 334\nPort Sarah, TX 69786-4687,  michelle62@hotmail.com
 Ashley Miller,  96428 John Inlet Suite 761\nStevenborough, MS 23577-6624,  chad87@yahoo.com
 Jeremy Peters,  26601 Dunlap Course Suite 906\nSimonfort, VA 32079,  martinmanuel@hotmail.com
 Heidi Green,  41554 Samuel Keys Suite 567\nLarsenmouth, DC 89086,  wallacekaren@gmail.com
 Spencer Monroe DDS,  925 Amber Port\nLake Daniel, AR 79582,  baileyalexander@hotmail.com
 Robert Gonzalez,  6985 Rachel Flats Apt. 328\nEast Jerry, AS 73890-1661,  lisa21@hotmail.com
 Christopher Brown,  USNS Bryant\nFPO AP 08638-6023,  glenn71@hotmail.com
 Mrs. Regina Phillips,  673 David Summit Suite 899\nNguyenfurt, WY 64928,  kelleyzoe@gmail.com
 Stephanie Matthews,  96875 Angela Tunnel\nSouth Brandonton, AS 08792-3234,  morgangabrielle@yahoo.com
 Mark Morrow,  57891 Juarez Common Apt. 361\nTylerland, IA 61378,  adam78@yahoo.com
 Samuel Jackson,  697 Rodriguez Club\nThorntonfort, MO 40896,  williamsalazar@yahoo.com
 Patricia Davis,  0811 Steven Way Suite 689\nLake Charlestown, WA 74903-1710,  amy97@gmail.com
 Jasmin Branch,  39374 Samuel Ridges\nNew Bailey, UT 65244,  kimjames@hotmail.com
 Christopher Anderson,  88803 Jeffrey Via Suite 118\nBakerport, CT 05946-7358,  jason12@yahoo.com
 Kelsey Knox,  51446 Ruiz Oval Apt. 044\nNew Paulside, DE 03706-8032,  christopherhopkins@yahoo.com
 Michael Garner,  16638 Kennedy Valleys\nLake Ashleyton, AR 32835-9690,  bonniewallace@yahoo.com
 Tiffany Carter,  958 Ronald Springs\nJoshuaton, MA 03371,  chavezshane@yahoo.com
 Kenneth Rogers,  74632 Robin Neck\nVargasport, TX 91845-5951,  michael61@yahoo.com
 Jenna Mcintosh,  1953 Morris Stream\nAlexandraside, CO 81991-2419,  kathywood@gmail.com
 Michael Pena,  73948 Jamie Groves\nMartinfurt, NH 80926,  mark21@gmail.com
 Katelyn Lopez,  09123 Murray Hollow\nHoffmanberg, OR 03778,  aaronmorris@gmail.com
 Alicia Coleman,  43008 Reed Passage Suite 728\nLake Cynthiashire, ID 47869-9411,  medinatimothy@hotmail.com
 James Caldwell,  94188 Laura Flats Apt. 341\nWest Michael, TX 62232-1213,  sharon06@hotmail.com
 Jason White,  0422 Mary Camp Suite 427\nWest Heatherborough, NJ 80386,  jonessusan@yahoo.com
 Danny Schroeder,  32253 Anderson Wall Apt. 028\nPort Samantha, DC 37244-3613,  patriciamoore@gmail.com
 Susan Ayala DDS,  06620 Taylor Turnpike\nLewisside, AK 80638,  ahall@gmail.com
 Patrick Gonzalez,  04659 Harris Branch\nJosephborough, GU 87291,  scottmiller@hotmail.com
 Erin Mills,  834 Hill Port\nPort Lindsay, NJ 05023,  russelljoseph@hotmail.com
 Barbara Boyd,  598 Sharp Bypass\nWatsonberg, SD 60360-8673,  lisawelch@gmail.com
 Alejandro Booth,  909 Taylor Vista\nAdkinshaven, NJ 88578-9048,  ncruz@hotmail.com
 Jessica Norris,  829 Black Oval Suite 489\nStacyshire, ID 58494-7130,  lisaflynn@hotmail.com
 Alexandra Patel,  6202 Smith Unions Suite 053\nKatherinestad, WY 16473-5332,  frank34@yahoo.com
 Stephanie Vega,  09084 Mario Manor Apt. 221\nNew Roberta, NV 58203,  rita06@gmail.com
 Denise Smith,  05556 Denise Lane\nTerrifort, AL 28042,  meyernicholas@yahoo.com
 Jonathan Smith,  0020 Luis Square Suite 624\nEast Adam, AR 39719-8453,  priscilla02@hotmail.com
 Christopher Smith,  95349 Schultz Mission Apt. 789\nHeatherfort, MI 08603-0152,  lhernandez@yahoo.com
 Tiffany Lewis,  0116 Erica Camp\nNorth Jennifer, RI 06204-0286,  peggy04@gmail.com
 Heidi Hines,  Unit 6803 Box 5594\nDPO AP 57559,  haleypatricia@gmail.com
 Jacob Nixon,  Unit 4287 Box 6643\nDPO AA 16264-9483,  vanessa13@yahoo.com
 Patricia Blackburn,  538 Rogers Glens\nNorth Travisburgh, KY 02762-1134,  scampbell@yahoo.com
 Charles Kelley,  597 Angela Plains\nNortonburgh, MS 29904,  barbarayoung@yahoo.com
 Maria Duran,  64097 Martinez Alley\nDelgadoland, IN 09195,  hendersonbreanna@gmail.com
 Jennifer Jackson DDS,  683 Jimmy Ridge Apt. 240\nBrendatown, CA 11326-0085,  candice57@yahoo.com
 Tyler Ross,  675 Gregory Plaza Apt. 110\nSouth Lindsayland, AL 43797-2726,  chandlerdavid@gmail.com
 Ryan Perry,  710 David Divide Suite 851\nSouth Saraton, CT 23580-8418,  tylernoble@hotmail.com
 William Kane,  185 Nichole Estates Suite 984\nBarneschester, CT 93441,  tina80@hotmail.com
 Robert Wilson,  25047 Patricia Loop Apt. 815\nNew Christopherview, UT 26237,  boydjoshua@yahoo.com
 Henry Miller,  321 Candace Path\nMeganhaven, SD 96228-7676,  brandon54@hotmail.com
 Laura Harrison,  1319 Neil Pine Apt. 843\nLewisstad, MS 79842,  john29@yahoo.com
 Adam Huang,  10794 Weeks Via Apt. 776\nJennifermouth, DE 35378,  denise61@gmail.com
 Alicia Velazquez,  29684 Angela Roads Apt. 768\nEast Valerie, KS 94394-1278,  dvargas@hotmail.com
 Hayley Coleman,  0372 Carl View\nMillerside, MH 87852,  tamaraware@hotmail.com
 Jason Mcmahon DVM,  58346 Rivers Islands\nSouth Samuelville, IL 75873,  sharon89@gmail.com
 Susan Taylor,  5094 Espinoza Tunnel\nPort Danielton, WA 26621,  william39@gmail.com
 Brenda Carrillo,  85867 Whitaker Inlet Suite 123\nSchwartzside, CT 07361,  robert77@gmail.com
 Paul Yates,  4795 Corey Cove Suite 661\nRileyshire, ME 34239-1163,  kimberlyduran@hotmail.com
 Maxwell Banks,  485 Peterson Orchard Apt. 848\nEast Stephanie, NC 33312-3914,  hickmanshawn@yahoo.com
 Mark Petty,  67055 Patel Flats\nEllisland, GA 32180,  uosborne@gmail.com
 James Simon,  85013 French Walks\nNew Adam, NY 32216,  dclark@gmail.com
 Heather Brown,  7692 Nelson Path Suite 821\nPort Shaun, GA 38077,  sgarcia@hotmail.com
 Kristy Spencer,  84055 Bruce Circle Apt. 308\nFrazierton, VA 68912-4001,  michael93@hotmail.com
 Crystal Lopez,  0912 Eric Walks Suite 233\nNew John, OH 46705,  larry81@gmail.com
 Linda Graham,  7059 Roberts Mount\nHaynesshire, FL 50312-6502,  thomasjones@hotmail.com
 Casey Sandoval,  Unit 3103 Box 4006\nDPO AP 68946-2605,  elucas@hotmail.com
 Kelsey Mcdaniel,  41709 Gerald Dale Apt. 359\nEast Allison, VT 03136,  harrismatthew@hotmail.com
 Nathan Gonzalez,  Unit 8364 Box 5728\nDPO AP 02207-8009,  katherine85@gmail.com
 Rachel Owens,  2625 Brewer Roads\nKeithside, MS 17176,  isaacfloyd@hotmail.com
 Christy Cooper,  49736 Michael Meadow Suite 622\nNew Annbury, CT 96557-9407,  mejiatabitha@yahoo.com
 Christopher Ryan,  08294 Katherine Squares Suite 855\nNorth Jillfort, MD 44952-1867,  zberg@gmail.com
 Billy Taylor,  PSC 0285, Box 1148\nAPO AA 52974,  cynthia05@gmail.com
 Jason Jones,  99620 Frank Station\nSouth Maryside, CO 35048,  irwinian@hotmail.com
 Amanda Sanders,  17863 Mcintyre Viaduct\nBrandonbury, MH 67763-9061,  laneedward@gmail.com
 Ryan Williams,  606 Stephanie Tunnel\nLake Marissahaven, IA 66688-0304,  kcarroll@yahoo.com
 Rodney Young,  75140 Denise Ramp Suite 202\nWest Robert, ID 54148-2442,  barbaradelgado@gmail.com
 Shawn Welch,  14486 Lisa Mill Apt. 019\nPort Jayberg, SD 78333,  tharris@gmail.com
 Victor Wilson,  31372 Hardy Points\nAmandatown, CO 26074-2669,  jenkinsjonathan@yahoo.com
 Kyle Shelton,  1336 Pam Plains\nCobbtown, MA 68287-7305,  petersonluis@gmail.com
 Jeffrey Rivera,  91220 Thomas Extension\nSouth Tracimouth, MS 58192-2898,  brandonshaw@yahoo.com
 Eric Villanueva,  69466 Donna Ramp\nPort Matthewtown, TN 53013-1532,  zparker@hotmail.com
 Dennis Kelly,  2050 Stewart Camp Suite 496\nLake Cynthiachester, MD 56207-1553,  laura60@yahoo.com
 Tasha Giles,  20759 James Plain Apt. 259\nNorth Patriciastad, MS 78424-8151,  dsmith@gmail.com
 Heather Patel,  17778 Jamie Valley\nNew Kathleen, WV 70344,  rsimpson@yahoo.com
 Michelle Blackburn,  387 Lee Falls\nAdamchester, WY 48785,  burtonrobert@gmail.com
 Veronica Edwards,  8001 Morris Garden\nPort Erica, DC 51398-4883,  karenward@gmail.com
 Tracy Fuentes,  PSC 5796, Box 2266\nAPO AA 19238-3339,  victoriagarner@yahoo.com
 Michael Smith,  3174 Dominique Mission\nWest Thomas, VI 49933,  rdickson@yahoo.com
 Jean Ward,  9245 Ryan Ranch Apt. 679\nMarystad, TN 35635,  brooke60@hotmail.com
 Jessica Walker,  83062 Jonathan Brook\nEast Shawnmouth, DE 95685,  hannah95@yahoo.com
 Joshua Jackson,  8828 Lyons Mountain Suite 007\nPort Abigail, ID 41439,  joshuasanford@hotmail.com
 Gregory Hoffman,  08268 Matthew Forge Apt. 972\nJessicafort, AK 69145,  thomasbarker@yahoo.com
 Bruce Wells,  1359 Bell Crescent Apt. 153\nNew Arthur, OH 20098-7448,  ashley15@yahoo.com
 Alvin Mcintosh,  93795 Schultz Overpass Apt. 680\nCervanteston, WY 08585,  pjackson@hotmail.com
 Phillip Khan,  9034 Sanchez Rest\nSouth Deborah, FL 45466,  travis24@yahoo.com
 Dana Martin,  PSC 2591, Box 0720\nAPO AE 89543,  lauriemiller@gmail.com
 Kayla Vazquez,  50207 Kyle Port Suite 428\nLopezmouth, SD 49307,  jacobsontimothy@yahoo.com
 Elizabeth Byrd,  1577 Sarah Street\nWest Kellie, WV 94215,  ysingh@hotmail.com
 Leah Obrien,  64768 Schultz Locks Apt. 227\nColemanport, PR 08150-9280,  awilliams@yahoo.com
 Seth Jones,  5083 Foster Inlet\nGordonshire, IL 57864-2658,  stephensimmons@gmail.com
 Kristi Simpson,  09003 Knight Springs\nHarrismouth, IL 06455-1827,  donaldbryant@yahoo.com
 Brandi Harris,  0225 Bryan Burg Suite 931\nLake Kevin, GA 16738-9542,  edwin50@yahoo.com
 Jorge Wilson,  9212 Amanda Groves Apt. 172\nDanielstad, MT 29476-8503,  aaronmendoza@yahoo.com
 Karl Sims,  235 Jenkins Isle\nNorth Jeremy, GU 21249-8159,  asmith@gmail.com
 Matthew Bradshaw,  519 Jordan Road Suite 297\nPort Marcfurt, TN 08176,  courtney70@gmail.com
 Monica Gordon,  196 Melanie Villages Apt. 876\nStoneburgh, SD 98098,  haileyfuller@yahoo.com
 Yvonne Thomas,  313 Brown Summit\nPeterburgh, CT 64780-7068,  hicksmiranda@hotmail.com
 Jose Moore,  Unit 0625 Box 1124\nDPO AA 34371,  jessica58@hotmail.com
 Nicholas Michael,  90572 Webster Drives Apt. 010\nLoribury, OK 36974-5290,  annacastro@hotmail.com
 Danielle Andrews,  3335 Brock Landing\nLake Karenchester, KS 07241,  david50@gmail.com
 Donna Henderson,  3915 Harrison Estates\nEllisonburgh, MO 12663-3383,  tyler26@hotmail.com
 Larry Garcia,  62789 Billy Course\nNorth Michael, MN 96536,  lopezsue@gmail.com
 Todd Taylor,  932 Michael Vista Suite 385\nRebeccahaven, NJ 09318-4008,  klevine@gmail.com
 Katherine Gonzalez,  7808 Bradford Expressway Suite 103\nMurphystad, MS 93797,  hodgenicholas@gmail.com
 Tracy French,  515 Carl Trace\nWest Jayborough, NY 16887,  ohurst@gmail.com
 Stacy Juarez,  265 Corey Run\nSouth Phillipborough, MD 40609-0480,  jamietate@gmail.com
 Trevor Quinn,  561 Christopher Garden\nNorth Michaelport, CO 06773-1184,  romerotara@hotmail.com
 Robert Gonzalez,  5432 Bender Island\nSouth Paulside, PR 91087-6259,  shieldssheila@gmail.com
 Sara Lucero,  Unit 1930 Box 5640\nDPO AE 84372,  gregoryjackson@hotmail.com
 Robert Rosales,  USCGC Perez\nFPO AP 13502,  bcook@hotmail.com
 Russell Martinez,  PSC 5665, Box 5813\nAPO AP 87890,  fletcherangela@hotmail.com
 Rebecca Christensen,  3928 Mccoy Haven Suite 514\nSouth Erica, RI 98090,  novakdenise@yahoo.com
 Craig Anderson,  821 Nicole Grove\nSouth Ashleestad, PR 92551,  david17@hotmail.com
 Ronald Fields Jr.,  77526 Kidd Isle\nDiazstad, CA 68664-2746,  calvin37@gmail.com
 Kimberly Savage,  806 Karen Mews\nEast Jameshaven, IN 59651,  gonzalescrystal@gmail.com
 Scott Taylor,  525 Huffman Canyon Apt. 332\nTurnerfort, NM 57034-8836,  frankelliott@gmail.com
 Melissa Ruiz,  13702 Jones Knoll Suite 753\nSouth Larryton, OR 71135-7787,  kylelester@hotmail.com
 Laurie Dominguez,  6513 Sarah Gateway Apt. 893\nBoothville, MP 24519-0320,  rwhite@hotmail.com
 Jennifer Vazquez,  0642 Jason Vista\nSpearsbury, TN 39073-3112,  michaeljenkins@gmail.com
 Jerry Rodriguez,  Unit 0814 Box 6678\nDPO AP 31367,  oreilly@yahoo.com
 Ronald Stone,  PSC 1574, Box 3657\nAPO AA 08550-4906,  juarezmichael@yahoo.com
 Lisa Hall,  75984 Jessica Mews\nWest Derrickburgh, ND 23694,  zrobinson@gmail.com
 Stephanie Rodriguez,  711 Wells Parkway Suite 460\nMarcuschester, SC 66773-6208,  cindy25@yahoo.com
 Melinda Benson,  05785 Walters Underpass\nEast Erin, RI 52987,  psullivan@yahoo.com
 Shaun Frye,  57464 Stacey Radial\nHernandezmouth, GA 59625-2074,  jose89@yahoo.com
 Mark Erickson,  6107 Mcdaniel Islands Suite 537\nLake Lindashire, LA 27589-4146,  lisalewis@hotmail.com
 Nathan Owens,  626 Harmon Isle Suite 712\nEast Williamfort, AZ 11787-0012,  jacksonlisa@gmail.com
 Lisa Alvarado,  03370 Ashley Rapids Apt. 143\nJenniferville, RI 12730,  jessica58@gmail.com
 Cynthia Watson,  169 Todd Bypass Apt. 503\nHeatherhaven, IL 06176,  brooksshannon@yahoo.com
 Dana Cruz,  880 Moran Avenue\nTonyton, MI 29701-6031,  williamsamanda@hotmail.com
 Brittney Stanley,  244 Cheryl Rapids\nVaughnton, NJ 53076,  richardgonzalez@hotmail.com
 Christine Thompson,  38871 Morgan Mission Apt. 550\nWest Patricia, ID 85357,  ijackson@hotmail.com
 James Kramer,  64250 Kaitlyn Crescent Apt. 841\nSeanton, PW 94065-7781,  pricechad@yahoo.com
 Sara Richards,  51891 Jeffrey Islands Suite 415\nAshleymouth, LA 77391,  steven77@gmail.com
 Jay Johnson,  656 Melissa Dale\nPort Courtney, PW 02772-2635,  jonathanbullock@yahoo.com
 Joseph Brown,  USNV Caldwell\nFPO AA 03525-7136,  andersonamy@yahoo.com
 Paul Morrison,  023 White Lodge Suite 826\nPort Tiffanyland, TX 32678-4603,  pbishop@hotmail.com
 Lisa Greene,  3487 Jane Loop Apt. 554\nMarystad, MP 13618,  riley26@gmail.com
 Thomas Williams,  USNS Jones\nFPO AE 10629,  nicholashamilton@gmail.com
 Sharon Nielsen,  461 Douglas Fords Apt. 825\nSouth Ryan, SD 14178,  richardstrevor@yahoo.com
 James Sullivan,  0641 Jones Forges\nEast Dannyland, NM 37223-3536,  clarkjenna@yahoo.com
 Amy Jackson,  6189 Brittany Garden Suite 706\nEast Benjaminchester, ME 97808-7354,  stephanie93@gmail.com
 Robert Anderson,  090 Mariah Crossing Apt. 587\nEast Michaelshire, WV 77708-7062,  tjones@hotmail.com
 Matthew Turner,  6869 Booth Ways Apt. 580\nSmithberg, MI 09562-0374,  hbrown@gmail.com
 Donald Evans,  24734 Hughes Rapids\nZavalaton, VT 97179-2556,  danielledunn@yahoo.com
 Carolyn James,  1248 Sanchez Village Apt. 879\nMichaelview, PR 27871,  alexandertimothy@hotmail.com
 Justin Moses,  40578 Matthew Gateway\nRamirezville, NH 98676-3781,  cking@yahoo.com
 Daniel Jones,  780 Alexander Views Apt. 156\nJohnsonstad, MA 79467,  lunadaniel@yahoo.com
 Daniel Perez,  7897 Hughes Trail\nNorth Joseph, VI 27843-4985,  anneberry@gmail.com
 Laura Hubbard,  301 Christopher Springs Apt. 052\nAlexandertown, PA 11379,  carpenterlisa@hotmail.com
 Michael Rogers,  4383 Brian Drives\nLucasland, RI 60024,  stephanieroberts@hotmail.com
 David Nash,  0391 Jamie Via Suite 025\nGriffinfurt, VT 43631,  kathrynsalas@gmail.com
 Michael Thomas,  PSC 4754, Box 4944\nAPO AP 09655,  yconley@gmail.com
 Johnny Lopez,  58446 Marshall Mission\nKeithfurt, MP 33165,  nicole17@yahoo.com
 Jennifer Schmidt,  847 Jennifer Manors\nPort Sara, IA 77492,  elizabethhoward@gmail.com
 Justin Morris,  5371 Cynthia Tunnel\nElizabethton, MS 45922-4974,  jharper@hotmail.com
 Thomas Espinoza,  17936 Michael Underpass\nWest Peterfort, IL 73484-0474,  lisacastro@gmail.com
 Jeffrey Vega,  58654 Jane Pass Suite 295\nHooverfort, NV 17997,  rgallagher@gmail.com
 Timothy Weber,  8236 Kelly Squares Suite 843\nSouth Jeremiah, SC 48018-7702,  carolgarcia@yahoo.com
 Cheryl Byrd,  7968 Parsons Hills Suite 078\nPort Stephanie, WI 43287,  jonathanpham@hotmail.com
 Erika Green,  46496 Smith Gardens Apt. 761\nAndrewberg, MO 75406-5993,  fbooker@hotmail.com
 Angela Cannon,  8157 Kimberly Park\nStevenfurt, DE 13440,  michaelsutton@yahoo.com
 Heather Ortiz,  701 Barron Road Suite 713\nElliottmouth, OR 80582-6327,  elijah13@yahoo.com
 Sara Miller,  9340 Ashley Creek Suite 221\nLake Rebecca, FL 29513-1069,  rickey46@hotmail.com
 Barbara Buchanan,  34813 Guzman Ways\nWilliamsberg, ID 34695,  padillaedward@yahoo.com
 Shelia Taylor,  USNS Turner\nFPO AA 80095,  gregory10@gmail.com
 Charlotte Perry,  5904 Kristina Plains Suite 089\nPort Matthew, CT 79056-5066,  holdenkellie@yahoo.com
 Harry Gonzales,  96220 Mccullough Forge\nSouth Kellychester, TN 91749,  cramirez@gmail.com
 Craig Hanson,  51882 John Plaza\nWest Michaelview, MI 58254-5443,  melendezrichard@gmail.com
 Jonathan Johnson,  9321 James Harbor\nMunozside, NC 77721-1758,  egarcia@gmail.com
 Mark Fisher,  142 Reese Expressway\nEricksonview, MN 58655-0222,  rwilkinson@yahoo.com
 John Willis,  50212 Duncan Lakes\nNew Stevenfort, MA 11280,  cgutierrez@yahoo.com
 Kevin Richardson,  8059 Williams Circles Apt. 900\nScottfurt, MS 59815,  gregorysimmons@yahoo.com
 Andrew Nguyen,  6984 Parks Causeway\nHarrisonstad, MA 79768,  thomaslaurie@yahoo.com
 Justin Adams,  71868 Young Ramp\nPort Matthew, WV 64919-7685,  crawfordjessica@yahoo.com
 Anthony Mayer,  0195 Ortiz Station\nNew Sarah, MI 41602-9137,  davidmiller@gmail.com
 Kevin Russell DDS,  07891 Fisher Ridge\nMirandaland, MO 85894-0383,  kathleenmiller@yahoo.com
 Christopher Johnson,  5267 Amanda Throughway\nWest Danielland, AK 97615,  melissa42@gmail.com
 Vanessa Lloyd,  26205 Samuel Route\nLake Richardville, GU 39931,  morriskatie@hotmail.com
 Victoria Thomas,  793 Frederick Greens Suite 773\nPort Austin, MA 82504,  juliafreeman@hotmail.com
 Kaitlyn Phillips,  6949 Michael Circle Apt. 283\nRogersstad, PW 42267-6587,  webbbreanna@hotmail.com
 Matthew Rice,  0507 Lisa Lock Suite 782\nNew Janetmouth, HI 67360-4381,  heather43@hotmail.com
 Jeffrey Santos,  USNS Burke\nFPO AP 57189-7317,  iking@yahoo.com
 Joshua Smith,  8573 Melanie Lock Apt. 832\nMoranberg, IL 09389-5923,  sbrown@gmail.com
 Catherine Morales,  11188 Williams Parkway\nSamanthamouth, DC 28989-3207,  lsimpson@gmail.com
 Joseph Kennedy,  39952 Gomez Gateway Suite 270\nWalterview, GA 25833-0075,  ucook@yahoo.com
 Taylor White,  34324 David Divide\nJonesburgh, WI 62551,  pedwards@hotmail.com
 Molly Caldwell,  1845 Steven Pike Suite 246\nSouth Courtney, MA 03416,  nielsenchris@yahoo.com
 Mr. Howard Mccoy,  171 Moore Burgs Suite 502\nHallhaven, MA 17945,  jackwright@gmail.com
 Kevin Cannon,  41237 Catherine Way Apt. 113\nNew Lisa, AR 02716-9096,  teresamedina@gmail.com
 Susan Campbell,  9246 Butler Stravenue Apt. 755\nNorth Patriciastad, IN 60552,  sullivangary@hotmail.com
 James Allen,  710 Robert Islands\nWest David, GU 60568-6174,  ejohnson@yahoo.com
 Diane Kim,  152 Matthews View\nCollinschester, TN 91880,  fernando10@gmail.com
 Jason Harris,  161 Scott Meadows\nWest Jacksonmouth, MS 29531,  bjones@hotmail.com
 Brian Paul,  956 Daniel Mission Suite 108\nBerryside, TX 14950,  moniquecameron@yahoo.com
 Jonathan Moreno,  023 Bell Club\nPhilipbury, IL 71507-5634,  josephmccullough@hotmail.com
 Anita Lester,  51997 Reyes Land\nJacksonbury, KY 95089,  yangdennis@hotmail.com
 Patrick Simpson,  36017 Kevin Land\nLake Alexisfurt, SC 42966-2574,  sandovaljoanne@gmail.com
 Nathan Martin,  48126 Jones Ridge\nSouth Joshuahaven, IL 65454,  jadepowell@hotmail.com
 Caitlyn Peters,  2509 Henderson Center\nJohnsonville, OR 93698-6689,  mvelasquez@hotmail.com
 Sheena Stuart,  USNS Martinez\nFPO AA 42903,  jennifer07@yahoo.com
 Joy Thomas,  47386 Sarah Pines Apt. 548\nEast Patriciastad, KY 23402,  ian92@gmail.com
 Maria Holmes,  511 Heather Creek\nNew Michael, PW 91343,  jaime95@hotmail.com
 Jason Greene,  Unit 7526 Box 0387\nDPO AA 26181,  nicholewood@gmail.com
 Gregory Cole,  127 Andrews Fords\nJohnsonfurt, FM 99219-9194,  michelledeleon@hotmail.com
 Adam Jones,  52744 Shaw Harbor\nGloriaberg, IL 84960,  beckdiana@gmail.com
 Patricia Espinoza,  379 Kelly Cliff Suite 688\nLake Caseyview, AL 23915,  cochranrebecca@hotmail.com
 Katherine Chapman,  83874 Murphy Fords\nMorganside, ME 19700-9348,  swells@hotmail.com
 Laura Morales,  343 Anderson Streets Suite 014\nNew Josephfurt, SD 46708,  deborahwagner@hotmail.com
 Christy Robertson,  276 Matthew Knolls\nMartinezland, FM 38484,  davidsonalan@gmail.com
 John Gaines,  6309 Lauren Lakes Suite 190\nWest Patrick, SC 46310-5197,  zcarr@hotmail.com
 Cynthia Stevens,  9941 Jamie Fords\nEstradaland, ME 86495-0088,  meganvaldez@gmail.com
 Jacob Nelson,  PSC 9444, Box 2722\nAPO AA 54565-9620,  marywilson@hotmail.com
 Douglas Anderson,  1695 Morgan Key\nLake Donaldstad, OK 34210,  anne76@yahoo.com
 Daniel Robinson,  Unit 7678 Box 3902\nDPO AP 14590-2622,  frank96@yahoo.com
 Shari Gibson,  35933 Karen Circle Suite 802\nNew Stevenmouth, ND 02695,  alowe@hotmail.com
 Benjamin Acevedo,  081 Black Hollow\nKatherineburgh, NJ 89444-9215,  marilyngarcia@hotmail.com
 Jeff Green,  97650 Bryan Walk\nJamesstad, DC 59530-7160,  mary05@hotmail.com
 Colton Phillips,  8388 Jones Branch Suite 490\nHeathershire, PW 06062-8664,  fhopkins@yahoo.com
 Jeremiah Curtis,  950 Shannon Island Apt. 238\nWest Ryanfort, ME 47848-6091,  megan09@hotmail.com
 Michael Callahan,  362 Ricky Isle\nNorth Jamestown, AS 59557,  eugenemiller@yahoo.com
 Matthew Sanders,  565 Montgomery Streets Suite 814\nEast Timothy, VI 58876-0478,  marciabass@yahoo.com
 Bailey Castro,  10213 Lawrence Alley Suite 614\nDavisview, RI 18071,  mwilson@yahoo.com
 Gregory Black,  58013 Christina Course\nPort Walter, CO 66800,  lfarrell@hotmail.com
 Caroline Burke,  380 Jose Tunnel\nGeorgemouth, HI 05602-2282,  nichole99@hotmail.com
 Evan Gilmore,  Unit 4031 Box 5238\nDPO AA 09315,  nsanchez@hotmail.com
 Kenneth Porter,  6078 Regina Wells Apt. 866\nNorth Kevinborough, WV 72016-3329,  jacqueline99@gmail.com
 Audrey Nguyen,  379 William Gateway Suite 585\nAmandaton, FM 02070-6288,  keith06@gmail.com
 Kathryn Gomez,  9707 James Squares\nEast Anna, PA 79508,  carlos37@hotmail.com
 Tanner Wolfe,  5936 Nelson Islands\nCortezchester, GA 00166,  larry23@hotmail.com
 Jack Hill,  193 David Courts\nJoelmouth, CO 94400-7730,  martintimothy@yahoo.com
 Brandi Thompson,  272 Murphy Knoll Suite 468\nKristenhaven, FL 17247-8147,  allendale@gmail.com
 Mia Johnson,  131 Jacob Isle\nGeorgeborough, CT 67925,  kbenton@hotmail.com
 Douglas David,  593 Price Burgs\nCindyport, OR 84055,  maxwellkatie@gmail.com
 Michele Lopez,  18057 Spencer Hills Suite 077\nMartineztown, CO 54201-0176,  heatherjohnson@gmail.com
 Brian Howard,  PSC 4364, Box 3422\nAPO AE 43777,  laurenward@gmail.com
 Elizabeth Taylor,  30719 Walker Ports Suite 733\nAndrewland, WV 72693-4995,  julia03@yahoo.com
 Dr. Joshua Hopkins,  173 Garrett Greens\nCourtneyview, FL 82633-1856,  thompsonkathy@gmail.com
 Willie Lopez,  11709 Logan Row\nEllisberg, IN 66842,  mullenchristian@yahoo.com
 Christopher Nelson,  63417 Martin Oval Suite 483\nJonathonfort, PR 05444,  vrivera@hotmail.com
 Daniel Kelley,  5062 Kaitlyn Tunnel\nChristineport, AL 31357,  cassandralang@gmail.com
 Amy Buchanan,  71701 Alyssa Lodge Suite 171\nGeorgemouth, AS 29358-1276,  jimmyroberts@yahoo.com
 David Mathews,  46849 Jeffery Brooks Apt. 383\nMcleanshire, FL 69173,  annagarcia@yahoo.com
 Timothy Roberts,  PSC 9244, Box 9315\nAPO AA 39989-6248,  otorres@hotmail.com
 Brent Lynch,  11766 Melissa Park\nLake Jasonville, FM 12302,  daniel04@yahoo.com
 Steven Mason,  9972 Michael Summit\nPort Andrew, HI 15226-5934,  charlestucker@yahoo.com
 Edward Stewart,  818 Martin Brook Apt. 963\nAmandaport, KY 50590,  brittanyhill@yahoo.com
 Kelsey Harris,  1526 Amanda Lane Suite 561\nRebeccaton, SC 69247,  michellesimpson@hotmail.com
 James Jackson,  2113 Elizabeth Ports\nNorth Ashleyland, TX 93837-3333,  michael04@hotmail.com
 Ashlee Miller,  7863 Elizabeth Wall Suite 547\nSouth Nathanielfurt, NE 99457-1945,  phines@gmail.com
 Stacie Hansen,  544 Jonathan Hill Apt. 289\nNorth Shirley, OR 91637-2901,  parkvanessa@hotmail.com
 Victoria Morton,  242 Perez Flat\nAguilarfurt, DE 49392,  frenchdonald@hotmail.com
 Billy Shannon,  PSC 7670, Box 3569\nAPO AA 19249-3387,  schroedershannon@gmail.com
 Dwayne Wright,  3261 Ortega Rapid\nBrownland, AR 36587,  robinsonjohn@hotmail.com
 Lee Harvey,  928 Davis Haven Suite 120\nCrawfordfort, PW 88530,  alejandrabenson@yahoo.com
 Maria Nielsen,  878 Larry Cape Suite 769\nMarquezview, MO 96165-0497,  hendersontaylor@hotmail.com
 Lisa Baker,  916 Bennett Park\nLisachester, PW 81893,  lopezomar@yahoo.com
 Henry Martinez,  4346 Mann Ports Apt. 285\nSouth Cathyport, IN 81618,  cunninghamdebra@yahoo.com
 David Garcia,  98201 Reginald Row\nNorth Elizabeth, FL 92367-7997,  zvega@yahoo.com
 Carla Baker,  38113 Scott Skyway\nNew Alexander, DC 38025,  fkane@yahoo.com
 Toni Watson,  3145 Williams Mountains\nDawsonville, OK 97798,  aaronfoster@yahoo.com
 Jacqueline Alvarado,  USNS Calhoun\nFPO AP 62364,  shane70@gmail.com
 Robert Dawson,  911 Ellen Freeway\nMoorebury, MD 09585,  ccordova@gmail.com
 Brittany Johnson,  652 Davila Summit Suite 515\nSouth Casey, RI 95789-2111,  patelzachary@yahoo.com
 Adam Krueger,  702 Mary Squares Suite 166\nLaceyhaven, PW 72235-9005,  alexandermelissa@gmail.com
 Mason Edwards,  4869 Patterson Orchard Apt. 178\nPort Krista, AK 79465-3223,  uwebb@gmail.com
 Ronald Huff,  736 Sanders Glens Suite 166\nMontgomeryland, NY 05161,  gary08@gmail.com
 Larry Young,  38444 Mary Ridge Suite 254\nPort Marissa, NC 28872-4629,  lori82@gmail.com
 Nathan Schmidt,  84134 Nicole Villages Suite 927\nRacheltown, TN 62801-0412,  randy03@hotmail.com
 Paul Calderon,  39870 David Squares Apt. 264\nPort Ianbury, UT 44168,  griffinbruce@gmail.com
 Jenna Salazar DDS,  902 Michael Overpass Suite 572\nLake Melaniemouth, CT 46835,  tdavis@yahoo.com
 Erica Garcia,  711 Barrera Meadow\nMatthewborough, FL 23326,  jgarcia@yahoo.com
 Carl Stafford,  622 Lauren Circles Suite 838\nJustinstad, FL 91277,  thomas51@gmail.com
 Brandon Cooper,  220 Olson Highway\nLoganstad, NC 48770,  torresgerald@gmail.com
 Robert Clay,  197 Steven Extensions\nErinside, FM 47833,  jhudson@yahoo.com
 Michael Alvarado,  419 Woods Shores Apt. 016\nNicolehaven, WV 67658-3346,  joseph60@gmail.com
 Alicia Cummings,  8417 Bender Prairie\nKimberlymouth, MN 99284,  christina47@yahoo.com
 Betty Mayo,  53887 Keith Fort Apt. 886\nEast Stephanie, WA 39255-2546,  georgebonnie@gmail.com
 Cynthia Banks,  4340 Adam Brooks Suite 001\nSouth Jenna, WV 49165,  jamiemyers@yahoo.com
 Donna Vasquez,  004 Troy Loop\nAdamsburgh, MO 05549,  msmith@hotmail.com
 Ruben Jones,  0633 Sloan Station Apt. 336\nJustinstad, OR 71894,  jill58@hotmail.com
 Corey Conrad,  61360 Bishop Rue Apt. 650\nLake Arthur, OH 48051-0266,  davidmartin@yahoo.com
 Megan Martin,  475 Waters Landing\nCesarchester, PA 84260-2219,  castilloerin@yahoo.com
 Matthew Vazquez,  24681 Patricia Green\nNicolehaven, MI 16475-5868,  doylechristopher@yahoo.com
 Garrett Reyes,  001 Nguyen Crest Apt. 085\nHollyton, VT 11832-9231,  osmith@gmail.com
 James Hayden,  132 Beth Field Apt. 550\nNew Stuartborough, WY 81698,  campbellpaul@yahoo.com
 Thomas Roy,  9536 Michael Ville Suite 577\nLake Jason, PW 84542,  xestrada@hotmail.com
 Timothy Anderson,  4882 Carl Route\nNorth Joy, ND 17059,  mwatts@gmail.com
 Megan Martin,  312 Brian Bypass\nTiffanyton, MD 63465,  michaelmccarthy@hotmail.com
 Jesus Turner,  627 Michael Trafficway Suite 239\nPort Ryanmouth, OK 30343,  bethburke@yahoo.com
 Jeremy Romero,  93676 Scott Lake\nCareyton, MO 41404-2493,  tiffany57@gmail.com
 Cindy Lopez,  327 Hall Forest\nLake Matthew, DE 98553-2916,  washingtonelizabeth@yahoo.com
 Heather Mercer,  9373 Kramer Land Suite 003\nLake Adrianland, NM 18515-4375,  emorris@gmail.com
 Stephen Bean,  45245 Christopher Land\nLake Lorihaven, OH 35882,  scain@yahoo.com
 Melissa Maxwell,  85925 Mcbride Village Apt. 612\nWest Christopher, ME 48775,  burtonbrittany@gmail.com
 Richard Martin,  991 Bird Fall Suite 975\nOconnelltown, MP 08878,  zmckay@hotmail.com
 Matthew Martinez,  9766 Ray Ridge\nCookbury, IA 75932,  nicoleirwin@gmail.com
 Ernest Snow,  3408 Tammy Mill\nNew Davidhaven, NM 16108,  morrissteven@gmail.com
 Erin Mccarty,  3681 Jennifer Forge Apt. 949\nWest Christopher, MA 16306,  thomas51@hotmail.com
 Elizabeth Jenkins,  449 Robert Extension\nAmystad, HI 02534,  jorgewhitaker@hotmail.com
 Rachel Mccormick,  7508 Adam Cliff\nMichaelport, OR 82652-2411,  brittanydavenport@gmail.com
 Sydney Williams,  4228 Samantha Springs Suite 028\nEast Sandra, MH 20357,  lschmidt@hotmail.com
 Denise Jones,  0643 Matthew Extension Suite 932\nTaylorburgh, KS 23222-9610,  misty82@yahoo.com
 James Hawkins,  642 Lee Brook Suite 562\nLake Andrew, CO 12970,  adamhopkins@hotmail.com
 Jeffrey Mckinney,  248 Smith Garden Apt. 032\nMooreport, NY 75898,  bwatson@gmail.com
 Harold Morgan,  93520 Pittman Port\nGuzmanton, AS 86869-7852,  joshuaalexander@hotmail.com
 Thomas Johnson,  52574 Perez Drive\nMonicahaven, NE 17779,  xtran@gmail.com
 Lauren Khan,  1314 Joy Wells Suite 509\nLake Teresafurt, NM 23197,  msoto@gmail.com
 Erika Mccormick,  60392 Knight Brook\nMoniqueland, KS 16188,  paula50@hotmail.com
 Oscar Decker,  37234 Derek Road\nLeeville, DC 22119-4068,  mcleandavid@hotmail.com
 Dorothy Campbell,  6132 Cook Burg Apt. 546\nWest Mckenziestad, MP 96127-6803,  heather59@gmail.com
 Ms. Alexandra Cooke,  484 Cole Estates\nBrittanymouth, GU 63467,  benjamin75@gmail.com
 David Brooks,  4932 Page Dam\nNew Melissa, NH 72124,  ycarrillo@gmail.com
 Mary Wilson,  55865 Lowery Village Suite 803\nTerryton, NE 42358-2012,  richardsonjose@gmail.com
 Jason Allen,  5856 Jennifer Island Suite 708\nSouth Terrimouth, WA 52732,  jfrye@yahoo.com
 Jessica Thomas,  5961 Walker Isle\nStephaniebury, ID 36131-3289,  sballard@hotmail.com
 Robert Hickman,  PSC 9181, Box 7064\nAPO AP 61513-7005,  jennifer78@hotmail.com
 Ryan Ross,  950 Matthew River Suite 012\nWest Jasmine, FM 94544-3175,  tammygomez@hotmail.com
 Mrs. Danielle Farrell MD,  687 April Divide\nNortonhaven, WY 36876-9365,  kristen23@gmail.com
 Shelby Mitchell,  2196 Reyes River Suite 072\nAshleyberg, MN 15595,  joshua17@gmail.com
 Eric Williams,  5643 Erika Spring Suite 672\nNew Tracey, ID 29568-8198,  kmiller@yahoo.com
 Kimberly Rodgers,  3227 Robinson Loop Suite 978\nTaylorhaven, UT 53971,  jaymurphy@gmail.com
 David Fernandez,  43790 Francisco Fork\nLake Jessicafort, NV 84148,  herickson@hotmail.com
 Jacob Graham,  29666 Kevin Isle Suite 531\nNew Andrewfort, MO 22975-5583,  daviskatherine@hotmail.com
 Zachary Johnson,  469 Cannon Motorway\nDuffyport, IA 36657-2539,  hansencynthia@yahoo.com
 Amy Cooper,  Unit 4414 Box 0387\nDPO AE 42201,  pphelps@gmail.com
 Travis Padilla,  0755 Danielle Keys\nPort Christinaville, MT 35942,  zreed@hotmail.com
 Allison Nguyen,  PSC 8984, Box 9549\nAPO AP 07381,  andrew69@hotmail.com
 Erin Taylor,  7326 Montoya Island\nLake Lisaberg, MD 89066-8300,  jesusherrera@hotmail.com
 Kimberly Holland,  731 Melissa Union\nSamuelfort, GU 42287,  nmorse@hotmail.com
 Rebecca Walker,  575 Mccoy Street Apt. 113\nLake Matthewtown, KY 74775-4966,  crystalmcconnell@gmail.com
 Nathaniel Jones,  961 Sarah Road Suite 039\nNorth Joshuafort, MH 89444-3457,  hollysummers@gmail.com
 Jessica Cortez,  493 Valencia Points Apt. 051\nThomasport, NV 94022-0818,  brian25@yahoo.com
 Michael Tucker,  06692 Jenny Well\nEricmouth, VT 54997,  larry80@gmail.com
 Benjamin Skinner,  02292 Savannah Field\nNorth Steven, VT 07597,  tbradshaw@gmail.com
 Tammy Smith,  6213 Jeffrey Greens Apt. 833\nNew Luis, OH 56505-2594,  gabrielle74@hotmail.com
 Pamela Lopez,  858 Mcintosh Island Suite 047\nPort Tiffanyfort, MT 43033-8589,  victor21@gmail.com
 Adrian Richards,  12768 Kaiser Hill Apt. 340\nNew Janice, OR 05840,  sabrinajones@hotmail.com
 Justin Hernandez,  848 Clayton Mountains Apt. 116\nWest Jennifershire, OK 68248-9725,  olsontravis@yahoo.com
 Robert Jordan,  03930 Hill Prairie Suite 099\nRichardsonburgh, WV 13523,  hortiz@hotmail.com
 Daniel Goodman,  8427 Tammy Port Suite 643\nPort Williamburgh, DE 18497-8136,  martinezjennifer@hotmail.com
 Dwayne Thomas,  340 Gregory Village Apt. 242\nCindyshire, AR 05755,  qhatfield@hotmail.com
 Mark Deleon,  5654 Brooks Trafficway\nRosaleschester, MN 88155,  xshepherd@gmail.com
 Jorge Welch,  8526 Charlotte Row\nEast Michelleborough, GA 37507-1662,  malonechristina@yahoo.com
 Francisco Henry,  5736 Perkins Greens\nNorth Daniel, CT 36627-3060,  tuckerlori@gmail.com
 Anne Mays,  1228 Denise Lights\nNew Raymond, VI 40620,  jessica71@gmail.com
 William Doyle,  4831 Roach Plaza Suite 209\nWest Danny, PR 30508,  rubioamanda@yahoo.com
 Danielle Goodwin,  2384 Fisher Rapid\nSouth Kristi, AL 68175,  vincentperez@yahoo.com
 Anne Cunningham,  698 Stephanie Heights Apt. 184\nRebeccamouth, SC 95783,  daisy98@hotmail.com
 Elizabeth Ray,  57516 Kenneth Island\nSarahborough, MN 67620,  mauricewright@yahoo.com
 Anthony Palmer,  3428 Johnson Tunnel\nHeatherberg, ME 84031,  adrienneblack@yahoo.com
 Victoria Rivera,  700 Hansen Meadows\nNew Daniel, OK 36013,  kristen01@gmail.com
 Thomas Wise,  72454 Richards Road\nQuinnbury, DC 78119-5603,  smithmichelle@hotmail.com
 Matthew Crawford MD,  661 John Islands Suite 043\nNew Lucas, AR 83472,  frazierlindsey@gmail.com
 Dr. Tanya Owens DDS,  7592 Kelli Glen Suite 571\nDerekmouth, MI 08211-4526,  justin07@hotmail.com
 Julia Jefferson,  37589 Justin Freeway\nBuckleyshire, AK 18633-6373,  mkline@gmail.com
 Elizabeth Durham DDS,  7430 Thomas Alley\nWest Amy, GU 31363-2792,  yrose@hotmail.com
 Katelyn Houston,  1946 Walters Ramp Suite 974\nEast Bruceborough, AR 52189,  jilldavila@yahoo.com
 Erica Walsh,  31591 Woodward Mountains\nCurtisberg, NM 26208-7128,  jimenezemily@hotmail.com
 Todd Richardson,  3585 Woodward Loaf Apt. 003\nWest Karenside, AK 51932,  dhayes@yahoo.com
 Joseph Moore,  267 White Vista\nLake Faithfort, ID 98651,  wwilson@hotmail.com
 Barbara Simmons,  3338 White Crossroad Suite 681\nMichelleland, NM 43093,  michelewallace@hotmail.com
 Megan Hicks,  USCGC Carroll\nFPO AE 73451-8590,  jean96@gmail.com
 Ronald Johnson,  0738 Glenda Center\nWellsfurt, SD 69126,  michael59@hotmail.com
 Robert Bender,  PSC 1171, Box 2387\nAPO AP 44307,  kreed@gmail.com
 Miranda Edwards,  49055 Christopher Wells\nRodriguezport, NH 21986-4592,  terrirose@yahoo.com
 Alexander Murphy,  4269 Peter Vista\nMitchellshire, OH 78172-1186,  perezisabel@gmail.com
 David Carter,  PSC 1087, Box 2894\nAPO AP 33617-8798,  amandacarter@hotmail.com
 Olivia Lewis,  06979 Laura Roads\nAmyborough, HI 55184,  arnoldsamuel@gmail.com
 Rebecca Casey,  6749 Miller Union\nSouth Danafurt, NY 75260,  harveyjade@gmail.com
 Mitchell Terrell,  0612 Samantha Extensions\nLake Debrashire, VI 01323,  michaeljohns@yahoo.com
 Natasha Orr,  54536 Green River Apt. 465\nWest Aprilshire, PR 72979,  sarahchase@gmail.com
 David Brown,  9741 Allison Drives Apt. 044\nWest Emily, LA 84962-3294,  kendra39@yahoo.com
 Mark Hayes,  77258 Scott Row\nPort Nichole, MH 14809,  lori66@hotmail.com
 John Williams,  47228 Susan Oval Apt. 592\nNew Danielle, MO 24677-4701,  colekristen@yahoo.com
 John Taylor,  416 John Way Suite 337\nRobertstown, MD 04031-1422,  kristen22@yahoo.com
 Debbie Ramos,  USNV Keith\nFPO AP 05640,  williamsanchez@yahoo.com
 Michael Cortez,  8379 Mills Dam\nTonyburgh, OH 66599-1654,  plewis@gmail.com
 Teresa Bond,  4545 Morgan Locks Apt. 610\nWattsberg, LA 32320,  simonpatrick@yahoo.com
 Jennifer Cook,  72750 Robert Terrace Apt. 133\nNorth Donaldborough, NE 92148-0672,  mlopez@yahoo.com
 Shane Levine,  095 Cesar Prairie\nTinachester, IL 18656,  ashleyharris@hotmail.com
 Mr. Tony Valenzuela,  USNS Levine\nFPO AE 49461-2992,  zmiller@yahoo.com
 Jessica Ward,  52891 Donald Track Suite 040\nEast Laura, AZ 43655-8473,  megan26@gmail.com
 Amy Ali,  2547 Mary Divide\nEast Paulmouth, WV 35561,  kim22@hotmail.com
 William Scott,  347 Acevedo Plains Apt. 979\nLake Natashaport, NH 45136-3366,  cjones@hotmail.com
 Tanner Pittman,  739 Kevin View\nTracyton, MS 22922,  staceyschneider@yahoo.com
 Brian Mays,  78015 Alexander Curve\nLake Bryan, CO 61392-8239,  joseph68@yahoo.com
 Trevor Lopez,  881 Jasmine Pine\nWest Elizabeth, ID 84612,  yvonnejackson@yahoo.com
 James Green,  8004 Johnathan Overpass Apt. 681\nConnerhaven, OH 77893-8315,  joseph12@yahoo.com
 Tara Strong,  15903 Laurie Landing Suite 441\nKatrinaville, MN 01628,  morrisnathan@yahoo.com
 Rebecca Campos,  3447 Jonathan Overpass Apt. 189\nFarrellmouth, NV 89233,  phernandez@hotmail.com
 Elizabeth Johnston,  3434 Angela Walks Apt. 030\nPerryport, SD 85296,  millersean@yahoo.com
 Andrea Howard,  28035 Johnson Locks Suite 429\nNew Jennifer, RI 45294-3056,  nguyentravis@yahoo.com
 Eric Jimenez,  USNV Cruz\nFPO AE 67514-7452,  michael61@yahoo.com
 Amber Cowan,  69501 Williams Orchard\nPort Jessica, KS 65871,  tjohnson@hotmail.com
 Sophia White,  9999 Marquez Square\nAlexfurt, DC 29771,  tranrichard@hotmail.com
 Jenna Clark,  51261 Jeffrey Plains\nKellystad, AK 16049,  nicolechung@hotmail.com
 Cameron Mills,  Unit 3423 Box 9721\nDPO AA 27740-7681,  fjohnson@hotmail.com
 Gregory Jackson,  172 Allison Village Apt. 545\nRobinsonfurt, AR 33598-5525,  nunezmichelle@hotmail.com
 Dorothy King,  9073 Chelsea Avenue Suite 986\nNew John, MA 56284,  walkermichael@hotmail.com
 Lori Mcguire,  502 Bryant Falls\nPort Carolyn, PW 19778-9351,  qthomas@hotmail.com
 Thomas Fox,  7632 Johnson Expressway\nNew Jennifer, AR 75469,  tomhunter@gmail.com
 Gina Cordova,  1286 Patricia Ramp Suite 149\nPort Davidchester, NE 24549,  loganderek@yahoo.com
 Charles House,  4504 Davies Prairie Apt. 289\nNew Stephen, FM 23887,  kristenlee@hotmail.com
 Eric Gregory,  56164 Elliott Roads Suite 083\nAbbotttown, MS 10568,  shahbeth@yahoo.com
 William Mendoza,  639 Bennett Locks Apt. 525\nBradleystad, ND 82988,  dlong@hotmail.com
 Daniel Wallace,  470 Rebecca Course\nNorth Karenport, IA 25629-7527,  smithsteven@yahoo.com
 Lori Grant,  32734 Martha Fork\nPort Cheyenne, NH 65636,  ybishop@yahoo.com
 Stephen Brown,  USNV Clark\nFPO AA 77569,  benderkatie@hotmail.com
 Gary Ramirez,  4877 Carroll Plain\nNew Rose, MP 95982,  johnwilliams@yahoo.com
 Phillip Roberson,  292 Kimberly Highway Suite 075\nWest Thomas, VA 37329-6696,  olsondoris@gmail.com
 Michael Johnson,  36910 Danny Landing Suite 886\nTammyshire, AS 81747-8001,  joseph68@gmail.com
 Lori Ho,  70427 Barron Forges Suite 440\nLopezton, MO 35069-9775,  corey53@gmail.com
 Mr. Jonathan Ho,  31131 Lewis Garden Apt. 794\nPort Zacharyside, MD 97246,  holly40@yahoo.com
 Timothy Rhodes,  627 Brittney Mill Apt. 089\nEvansstad, CO 36712-8957,  belinda90@yahoo.com
 Morgan White,  15717 Jill Ridges Suite 112\nLisaside, IA 25908-8428,  lawrenceeddie@gmail.com
 Michael Smith,  6672 Goodman Estates Suite 260\nVanessaberg, MN 05781,  matthewramirez@hotmail.com
 Kurt Jefferson,  0529 Evan Rapids\nPort Brett, GA 01071-5268,  mark78@gmail.com
 Wesley Morales,  6693 Dean Brooks\nEast Aprilbury, FL 43149,  steelestephen@gmail.com
 Derek Lawson,  897 John Fields Apt. 598\nSouth Matthew, NH 59507,  bquinn@hotmail.com
 Karen Erickson,  PSC 6898, Box 4647\nAPO AA 86401-4585,  mayoelizabeth@gmail.com
 Victoria Brown,  1224 Noble Spring\nButlerton, IN 55032-9873,  cruzteresa@gmail.com
 Jay Jordan,  4296 Bray Haven\nWoodborough, SC 16705-5385,  kgutierrez@hotmail.com
 Jeffrey Watts,  29324 William Road\nLake Wendy, ID 11048-2729,  tbennett@hotmail.com
 Cheyenne Chaney,  USNS Estrada\nFPO AP 11671-2413,  bryan69@yahoo.com
 Amy Smith,  05890 Tina Plaza Suite 220\nWest Robin, ME 10135,  nreyes@yahoo.com
 John Schaefer,  USCGC Reid\nFPO AP 49747-7789,  kenneth07@gmail.com
 Richard Williams,  778 Cain Ports Apt. 476\nXavierville, KY 77007,  erichancock@hotmail.com
 Rachel Coleman,  831 Heather Estates Apt. 765\nBradleystad, UT 92823,  gthomas@yahoo.com
 Amy Morrison,  627 Palmer Valleys Apt. 313\nNorth Annville, GU 44228,  epalmer@hotmail.com
 Kyle Gomez,  04457 Victoria Summit Suite 989\nPort Vernonhaven, DE 24352,  taylor07@yahoo.com
 Christopher Wheeler,  31007 Chen Rapid\nEast Adam, TN 60615-4464,  fbowman@gmail.com
 Angela Castro,  USCGC Parker\nFPO AP 27617-5460,  loganlewis@hotmail.com
 Cindy Ayala,  660 Tyler Stravenue Suite 344\nReyesshire, DE 89039-6170,  kleinjohn@hotmail.com
 Michelle Waller,  USNV Donaldson\nFPO AA 23243-8112,  eric30@yahoo.com
 Debra Bowen,  94736 Juarez Garden Suite 138\nNew Edwardfort, GU 27496-3751,  joshua76@hotmail.com
 Megan Morris,  55628 Julie Radial\nBrittanyland, NM 13019,  shellygordon@yahoo.com
 Troy Fuller,  437 Powell Keys Suite 674\nLarryville, VA 25712,  dylan27@yahoo.com
 Elizabeth Brown,  029 Jennings Oval\nWilsonshire, DC 84650-5125,  micheal20@yahoo.com
 Steven Wright,  59612 Palmer Mill Suite 044\nCharlesmouth, ND 10009,  joebrown@yahoo.com
 Matthew Byrd,  72672 Miller Estate Suite 740\nWest Wendystad, DC 93546-1047,  petersaaron@yahoo.com
 Nicole Phillips,  04134 Thompson Junctions\nSouth Joshuachester, KY 96822,  jonathanblankenship@gmail.com
 Jorge Horn,  12546 Sheppard Inlet\nPort Rachael, KY 20623-0798,  wjacobs@hotmail.com
 Monica Rowland,  9400 Nicole Estate Apt. 407\nWilliamstown, DC 74016,  ufuller@gmail.com
 Erin Hamilton,  422 Sharon Extension\nLake Laurie, NH 70834-4670,  emily32@yahoo.com
 Nicole Hayden,  60674 Mario Trafficway Apt. 684\nLamland, NH 36705,  richardsaunders@yahoo.com
 Chelsey Johnson,  666 Smith Meadow Apt. 599\nTaylormouth, MO 36059-3792,  heidiwatson@yahoo.com
 Mark Mathis,  22100 Jennifer Way Suite 628\nGarrettside, MH 06448-7839,  michaelibarra@gmail.com
 Michael Rhodes,  Unit 9015 Box 9480\nDPO AA 86968,  dgeorge@hotmail.com
 Tyler Oliver,  705 James Burg Suite 459\nDavisberg, NM 80303,  howard05@hotmail.com
 Jessica Oliver,  26684 Bruce Place\nEast Bethany, WY 35921-4441,  lstewart@gmail.com
 Barbara Guerrero,  477 Weber Locks Apt. 321\nBrianside, MS 63713-7339,  cunninghameddie@hotmail.com
 Cody Brown,  PSC 3013, Box 2001\nAPO AP 56485,  umiles@gmail.com
 Robert Jones,  98839 Ashley Light Suite 894\nKerrmouth, SD 69150,  rkelly@hotmail.com
 Barbara Edwards,  PSC 5494, Box 0929\nAPO AA 97225-0711,  amy26@yahoo.com
 Martin Mercer,  06307 Shannon Walks Apt. 598\nNorth Alexanderton, MN 52434,  jorge83@yahoo.com
 Louis Berry,  01795 Margaret Shore Suite 732\nEast Robert, AR 02850,  sullivanmaria@gmail.com
 Carol Nguyen,  869 Jennifer Courts\nLake Robert, OR 97677-0941,  michael99@hotmail.com
 Veronica Hamilton,  76900 Martin Garden\nRichardhaven, FM 69722-9910,  brittneynguyen@yahoo.com
 Jose Cardenas,  01135 Katie Fall Suite 134\nNew Cody, ND 30786,  dunnaaron@yahoo.com
 Yvonne Whitaker,  79835 Hamilton Landing\nPort Normanton, MI 05872-0032,  joneskatherine@gmail.com
 Danielle Singleton,  957 John Rue\nSmithbury, AZ 61588-7053,  wrightmichael@yahoo.com
 Melissa Garrett,  Unit 1017 Box 1963\nDPO AP 10785-7724,  csmith@hotmail.com
 Joseph Kelly,  455 Dillon Well Suite 260\nArellanohaven, HI 69536,  michael26@yahoo.com
 Jim Garcia,  58263 Thompson Lights\nOlsenshire, NV 34661-6923,  victoriaali@hotmail.com
 Michelle Lee,  934 Ryan Views Suite 416\nMarkburgh, FM 33276,  matthew61@hotmail.com
 Cynthia Thomas,  563 Paul Views\nHaletown, OK 04487-7108,  csmith@gmail.com
 Jacob Mckinney,  USNS Cole\nFPO AA 94593,  lgraham@yahoo.com
 Brian Fuller,  9962 Rice Light Suite 758\nPedrofurt, MP 53600,  andrea66@hotmail.com
 Andrew Cardenas,  399 Jeffrey Skyway\nNorth Stephanie, WY 56096-2991,  patrickhall@gmail.com
 Adam Harris,  0924 Rhonda Plaza\nCarlosberg, KY 41662-0881,  matthewmartin@hotmail.com
 Nathan Gonzalez,  08249 Sara Road Apt. 165\nSouth Amyhaven, WI 42892,  qcarr@gmail.com
 Kevin Rojas,  570 Darius Roads\nNorth Matthew, OK 51251,  kendra16@yahoo.com
 Samantha Miller,  50997 Felicia Crossing Suite 934\nNorth Hollystad, ND 66826,  richard50@gmail.com
 Erika Lucas,  170 David Port\nHalltown, VI 15969-0559,  fnichols@yahoo.com
 Debbie Torres,  5588 Bailey Mission\nDavischester, WI 28080-8621,  jodi97@hotmail.com
 Jennifer Cohen,  100 Cobb Ford Apt. 961\nNew Robertfort, TX 45037,  margaret77@yahoo.com
 Cynthia Mays,  6104 Shawna Tunnel\nNorth Joshua, CO 45974,  katherine24@hotmail.com
 Ashley Smith,  65576 Darrell Oval\nSouth Carlosville, MO 95247,  simsadam@gmail.com
 Brittany Kline,  825 Parks Throughway\nKatrinaberg, ID 80783-6939,  ftodd@yahoo.com
 Scott Young,  18272 Robert Village\nReyeston, AZ 03362-8270,  wolferuth@gmail.com
 Joseph Harrington,  1726 John Fall Suite 187\nLake Monica, MS 57205-3018,  adamhoward@gmail.com
 Brenda Roberson,  045 Maldonado Groves Apt. 899\nNicholsborough, ND 81994,  bridget92@gmail.com
 Erica Owens,  USCGC Ruiz\nFPO AP 21923-3893,  bmurray@gmail.com
 Misty Lee,  964 Hernandez Street Suite 968\nDanielburgh, OR 07357,  erinboyd@yahoo.com
 Traci Orozco,  56278 Jones Viaduct Suite 521\nLake Davidmouth, FL 24109-0035,  patricia22@hotmail.com
 Joseph Wong,  2742 Simmons Plains Suite 535\nPort Wandaburgh, HI 09991-1492,  jonesmario@yahoo.com
 Alicia Mcgrath,  2692 Charles Trace\nGibsonhaven, OR 28314-0624,  tiffany09@hotmail.com
 Samuel Perez,  886 Davis Forge\nSouth Laurie, MS 98255,  rstephens@yahoo.com
 Sally Benitez,  9182 Cruz Ridge Suite 078\nDelacruzborough, WI 21144-5640,  lauren97@yahoo.com
 Christina Martinez,  USNV Gutierrez\nFPO AP 70417-7377,  melanie48@yahoo.com
 Diane Medina,  185 Rivera Run Suite 074\nSusanburgh, FL 52283-0984,  jonathonanderson@hotmail.com
 Cynthia Booth,  06140 Karen Inlet\nJayport, IL 23474,  rachael18@gmail.com
 Barbara Aguilar,  4418 Lindsey River\nEast Cameron, IL 94261-6927,  roachlinda@hotmail.com
 Nicole Johnson,  64206 Bruce Unions\nValdezstad, VI 94864-7615,  kcook@yahoo.com
 Steven Stewart,  7665 Tyler Cliff\nPort Christopher, CA 21777-8981,  garnerphillip@yahoo.com
 Marissa Brady,  4306 Mark Passage\nMichelleberg, AR 32611-9296,  vanessa50@yahoo.com
 Anna Jones,  5446 Leonard Rue Apt. 476\nDavidbury, IA 37497-1163,  timothy58@hotmail.com
 Joshua Ortiz,  89716 Chelsea Village Suite 688\nChaneyburgh, HI 56736-3329,  kleinamy@yahoo.com
 Marc Roberts,  82816 Rodriguez Glen Suite 453\nEast Kristen, ME 85541,  pereztimothy@yahoo.com
 Miguel Bell II,  3433 Davis Motorway Suite 476\nWest Jenniferfurt, RI 43040,  cross@gmail.com
 Rachael Peck,  5594 Jones Haven\nAcostahaven, OH 36631,  andrea68@gmail.com
 Peter King,  1385 Jonathon Stravenue Suite 139\nBrownhaven, UT 63547,  tinaroberson@gmail.com
 Jesse Spencer,  9923 Spencer Highway\nRojasside, IA 53583-1152,  alexasmith@hotmail.com
 Kimberly Joyce,  981 Beasley Brooks Apt. 561\nRobertburgh, PA 79452,  angelafischer@hotmail.com
 Douglas Martin,  911 Hartman Points\nNew Annachester, NY 35219,  kevin69@hotmail.com
 Matthew Wright,  8081 Crawford Views\nPort Jamie, OH 28885-1800,  brian30@yahoo.com
 Miguel Benson,  4718 Figueroa Roads Suite 894\nKylefort, PA 28335-9870,  glovergrant@gmail.com
 Kurt Pierce,  PSC 5491, Box 2951\nAPO AP 66771-9384,  christineanderson@yahoo.com
 Rebecca Davis,  5665 Parker Court Apt. 971\nMckinneyburgh, LA 23833,  scottcunningham@hotmail.com
 Brenda Martin,  966 Robert Loop Suite 906\nNorth John, MS 53281,  lewismark@hotmail.com
 Lauren Roy,  203 Shannon Inlet\nNorth Matthew, ID 83420,  mheath@hotmail.com
 Tammy Vincent,  69272 Brandy Divide\nKentburgh, MA 40467-6761,  pmckinney@hotmail.com
 Janice Taylor,  4590 Montgomery Glens Suite 884\nEast Kelly, OK 62571,  megan36@gmail.com
 Jenny Peters,  380 Andrea Bypass\nReedview, LA 08850-4928,  adrian88@gmail.com
 Taylor Santiago,  Unit 1108 Box 4760\nDPO AP 92426-9062,  margaret88@yahoo.com
 Jason Hendricks,  187 David Flats Apt. 504\nAustinland, CT 15578-5791,  thomas94@hotmail.com
 Brandon Murphy,  1306 Amber Parks Apt. 786\nEdwardmouth, AR 34114-1190,  hoganshaun@gmail.com
 Emily Franklin,  72701 Michael Hollow\nTylerburgh, GA 58424,  morenojames@yahoo.com
 David Tucker,  161 Osborne Islands Suite 296\nAnnaport, ID 71332,  michaelwheeler@yahoo.com
 Daniel Cummings,  14760 Collins Courts\nPort Patricia, NV 79206,  laurentyler@gmail.com
 Julie Zavala,  69492 Olson Court\nJameston, AL 64427,  lori31@yahoo.com
 Jennifer Wheeler,  413 Robert Hill Apt. 326\nTeresaland, KS 86799-9853,  andrearodriguez@hotmail.com
 Allen Donovan,  2092 Charles Highway\nGrayshire, PA 32225-2898,  jeffreywood@yahoo.com
 Felicia Johnson DDS,  0273 Sandoval Mission Suite 499\nNorth Matthewside, NM 96184-7372,  teresatorres@gmail.com
 John Campbell,  928 Jackson Stream Suite 678\nNorth Carl, WY 56579-0206,  brendawatts@hotmail.com
 Andrea Vasquez,  725 Russell Shoals\nMartinstad, ID 39907,  huntandrew@hotmail.com
 George Sharp,  73563 Lopez Highway\nDanielmouth, AS 68862-2028,  mdavidson@yahoo.com
 Maria Clark,  4962 Madison Isle\nSouth Brandonmouth, DC 05055-2813,  martinezjohn@hotmail.com
 Regina Barnes,  5280 Moore Mountains\nBrownshire, ND 50891-2080,  campbelldavid@yahoo.com
 Stephanie Williams,  56846 Johnson Ways\nEvansfort, MS 40353,  robrien@yahoo.com
 Rachael Calderon,  7971 Stout Village\nLake John, DE 69057,  stephenskimberly@yahoo.com
 Susan Brown,  05773 Patricia Plains\nPort Stacyhaven, NE 37366,  oscar82@gmail.com
 Christina Landry,  7495 Joe Prairie Suite 901\nMarkside, AS 78448,  smithsteven@hotmail.com
 Mr. Nathan Clay MD,  823 Pearson Squares\nLake Regina, DC 47059,  russellrenee@gmail.com
 Donald Ellis,  641 Ryan Canyon\nNorth Devin, CO 62400-1473,  bobsilva@yahoo.com
 Jason Hill,  147 Patton Crossroad Apt. 914\nSouth Jillian, PA 25263,  lee59@hotmail.com
 Amanda Conner,  59799 Mejia Vista Apt. 545\nLeslieport, WY 23766,  ruizemily@hotmail.com
 Julia Grant,  630 Edward Branch Suite 853\nLopeztown, MO 31519-6100,  davissarah@hotmail.com
 Jennifer Armstrong,  42937 Fox Course Apt. 577\nHowardmouth, AZ 68656-3411,  amy29@hotmail.com
 Taylor Garcia,  0824 Robert Highway\nBaileyside, MD 66216-2936,  kevin06@yahoo.com
 Aaron Hoover,  8015 Carol Point Apt. 588\nPort Williehaven, ND 85870,  susandavis@gmail.com
 Brianna Thompson,  50328 Burch Heights\nJeremyview, NY 68886,  rhonda65@gmail.com
 Tina Brown,  400 Janet Springs Suite 491\nHernandezfurt, TX 08810-9160,  molly40@gmail.com
 Thomas Wright,  644 Angela Coves Suite 246\nEast Lisa, DE 33621,  rachel80@gmail.com
 Taylor Carroll,  USS Shannon\nFPO AP 28966,  shirley68@hotmail.com
 Donna Patrick,  9445 Boyd Overpass Suite 266\nEast Christopher, ID 62806-0062,  katherine95@gmail.com
 Robert Mclaughlin,  5491 Kevin Walks\nNorth Natasha, PA 52985-7499,  nathanyates@yahoo.com
 Brian Yang,  37761 Andrade Centers Suite 844\nPort Tyler, NJ 56074-3693,  qfarrell@hotmail.com
 Dr. Kimberly Garcia,  1742 Joseph Freeway Apt. 776\nLindaport, MA 44382,  ronald53@gmail.com
 Renee Willis,  758 Cain Fall Suite 264\nSouth Brandon, KY 79414,  christopher69@yahoo.com
 Richard Klein,  45334 Heidi Ways Suite 171\nAmandashire, MO 65685,  xalexander@yahoo.com
 Christina Brown,  6763 Williams Cove\nLake Annette, DC 56459-5503,  chloechan@yahoo.com
 Erin Holmes,  6422 Travis Valleys\nMelindaburgh, WY 94300-9121,  hannahalexander@gmail.com
 Stacy Ellis,  PSC 6365, Box 2288\nAPO AE 03770-0345,  sarah40@gmail.com
 Richard Jones,  2380 Hicks Grove\nKatrinaburgh, MI 53666,  bonillabradley@gmail.com
 Laura Gomez,  21573 Hudson Loaf Apt. 920\nCherylport, WI 87409-2583,  nmcclure@yahoo.com
 Anne Campbell,  43836 Stewart Loaf\nChandlerbury, MP 65735,  smithdiane@gmail.com
 Ann Williams,  59448 Rivera Causeway Suite 234\nPort Meagan, PA 00757-3630,  webstersarah@hotmail.com
 Scott Ward,  3367 Steven River Suite 978\nJasonshire, MA 91910,  ashley37@yahoo.com
 Ruth Stevens,  071 Nelson Branch Apt. 083\nWest Brittney, FM 68662,  matthewroach@gmail.com
 David Orr,  4842 Trujillo Creek\nPort Wayne, MI 39061-5555,  whitetammy@yahoo.com
 Ashley Daniels,  6634 Cynthia Stravenue Suite 245\nTorresshire, IL 97977,  vfrank@gmail.com
 Erin Smith,  0510 Murray Spurs\nRichardberg, WI 82957-0854,  robinsonthomas@gmail.com
 Gary Lara,  73505 Richardson Radial Suite 353\nNorth Beth, MI 71370-1977,  amoore@gmail.com
 Maria Chen,  815 Greer Parks\nCoxbury, NJ 87091-9668,  cjohnson@yahoo.com
 Alexander Valentine,  98534 Johnson Pass Apt. 501\nMelissaland, NC 40054,  jacksonelizabeth@hotmail.com
 David Rich,  92978 Lane Track\nNew Timothyside, NM 88447,  derrick85@gmail.com
 Sarah Hernandez,  244 Mckay Dale\nGarciafurt, MS 04601-6322,  brian11@gmail.com
 Daniel Griffin,  USNV Walls\nFPO AE 04690-9362,  grossjames@hotmail.com
 Elizabeth Mason,  6906 Mercado Mall\nDanielville, IN 17432,  mooredavid@gmail.com
 Connie Cordova,  2947 Joan Haven\nNorth Kara, MP 02431,  brian94@gmail.com
 Kenneth Jackson,  25530 Lauren Brooks\nSouth Gregoryborough, WY 84244,  aowens@gmail.com
 Jennifer Chambers,  068 Walter Ville Suite 773\nNorth Kimberlyville, DE 14863,  eric62@gmail.com
 Adam Wright,  452 Ryan Route\nMelissaborough, CO 21234-9108,  jessicasandoval@gmail.com
 Michael Juarez,  97464 Owen Lights Apt. 464\nThompsonchester, ID 07146-2564,  xsmith@hotmail.com
 Robert Berg,  752 Kent Common Suite 426\nLake Davidstad, GU 51032-7647,  harpergary@yahoo.com
 Kim Thompson,  035 Hodge Walks\nThomasshire, ID 60981-0904,  moorelindsay@yahoo.com
 Nicole Wheeler,  028 Scott Islands\nNew Williamberg, MI 72433-4474,  adrienne34@gmail.com
 John Johnson,  52174 Anderson Trail\nNew Douglas, DC 49275,  mwilson@yahoo.com
 Christopher Roberts,  36930 Nicholas Road Apt. 749\nKaneport, NC 86505-9048,  mccoykimberly@yahoo.com
 Peter Robinson,  2068 Pollard Mission Apt. 295\nLake Lukestad, PR 34022,  conwaylauren@hotmail.com
 Sean Miranda,  53117 Andrew Loaf Apt. 667\nPort Michael, VT 01265-2209,  danielle22@hotmail.com
 Joshua Adams,  95193 Bailey Isle\nSouth Justin, NE 11156,  barreralisa@yahoo.com
 Ashley Davis,  8649 Guerrero Summit Suite 909\nKristinborough, WA 85658,  newtonedward@gmail.com
 Stephen Hunter,  0755 Cole Valleys\nSalazarside, AL 59674-2489,  awalker@yahoo.com
 Karen Barnes MD,  7561 Robinson Cliff\nEast Erin, LA 03846,  crystalleonard@hotmail.com
 Richard Mccullough,  88753 Thomas Ridges\nNew Ryan, CT 81623,  kaitlyn41@gmail.com
 Mr. Michael Campbell,  66182 Owen Mills\nWilliamsstad, AZ 65284,  fbullock@gmail.com
 Justin Mccoy,  589 Jeffrey Gardens\nZacharyland, PR 70105,  drakesteven@gmail.com
 Richard Morales,  5495 Jacob Throughway\nEast Cynthia, WY 84011,  williamnorris@hotmail.com
 Jessica Elliott,  8465 Barrera Stravenue\nLake Justinfurt, WA 90414,  hintonedward@hotmail.com
 Sherry Simon,  0500 Chavez Station Suite 351\nWest Leahfort, ND 30490,  tatewilliam@yahoo.com
 Benjamin Gonzalez DVM,  9628 Grant Center\nMorafurt, GU 89202,  laura31@yahoo.com
 Candace Martinez DVM,  45079 Ayala Fork Apt. 725\nHayesmouth, IL 61629-1823,  iheath@gmail.com
 Christian Rose,  57489 Russell Ridge\nNorth Nicolestad, MS 14343-0583,  laurenarcher@hotmail.com
 Jennifer Ramos,  PSC 0027, Box 1256\nAPO AP 57380,  nelsonkevin@yahoo.com
 Joshua Freeman,  7540 Frazier Vista Apt. 654\nRussellchester, NM 66199,  jstanton@yahoo.com
 Ryan White,  669 Timothy Trace Apt. 565\nNorth Tonyberg, WA 37433,  christopherbranch@hotmail.com
 Kara Brown,  545 Doris Point\nPort Josephberg, NM 03256-6746,  joseph51@gmail.com
 Gina Hoffman,  Unit 2375 Box 8154\nDPO AA 82842,  samuel31@yahoo.com
 Elizabeth Pruitt,  85480 Cooper Circles\nTorresview, TX 10485,  hunterwilliam@gmail.com
 Todd Jackson,  88337 Green Run Apt. 869\nNew Marcusstad, FL 73738-2324,  weaververonica@hotmail.com
 Melissa Hull,  55446 Amber Orchard\nPort Kimport, FM 75584-7898,  rachel37@hotmail.com
 Michael Scott,  393 Maria Fork\nSouth Kathleen, PR 80627-6593,  gabrielamarshall@gmail.com
 Aaron Ross,  781 Graham Orchard\nAndreamouth, HI 64079,  andersonmark@gmail.com
 Jacqueline Ritter,  8825 Tracy Street Suite 846\nPort Rhonda, NV 30526,  omoody@hotmail.com
 Chad Price,  USCGC Lewis\nFPO AE 27764-2220,  jeremy99@hotmail.com
 Jill Wilson,  940 Jimmy Ranch Suite 063\nBrianberg, PA 44292,  ibrown@gmail.com
 Emily Decker,  9103 Stephen Roads\nThomasville, WA 10755-5784,  rodriguezrebecca@hotmail.com
 Janet Bryant,  4774 Sharon Fields Apt. 650\nNorth Melissa, DE 19194,  david83@hotmail.com
 Gina Gould,  340 Stone Gardens\nPort Michaelbury, PR 39880-2706,  hannah44@hotmail.com
 Danny Sellers,  9278 Ashley Dale\nPort April, MI 56585-0788,  ashleythomas@yahoo.com
 Ana Dean,  PSC 4940, Box 4633\nAPO AA 24855,  monica55@yahoo.com
 Melinda Cole,  184 Johnson Gateway Suite 908\nLake Thomas, WV 67282,  patricia54@gmail.com
 Kimberly Andrews,  582 Michael Ports Suite 654\nEast Emilyberg, MD 64982,  kaylawall@yahoo.com
 Amy Burgess,  770 Clarke Island\nBrandistad, VT 40667,  carolwilliams@hotmail.com
 Victoria Young,  550 Cooke Springs\nNorth Veronica, PR 71269-7934,  douglas16@yahoo.com
 Christopher Reeves,  46345 Carlos Ports Apt. 668\nWest Sharonberg, IA 82660,  tdecker@hotmail.com
 Alexander Wilson,  67530 Elizabeth Corners\nChelseaburgh, SD 83994-1973,  ehart@gmail.com
 Sierra Tran,  136 Jason Plains Apt. 489\nChristopherberg, TX 78979-8030,  kylegarcia@gmail.com
 Cynthia Delgado,  25499 Cox Rue\nSmithhaven, CO 26048,  robinsonjessica@hotmail.com
 Amy Howard,  192 Margaret Terrace Suite 686\nStevenland, FL 64726,  mossedward@hotmail.com
 Calvin Daniel,  PSC 2282, Box 6598\nAPO AA 76658-0309,  jennifercolon@hotmail.com
 Ryan Johnson,  639 Jeremy Points Apt. 282\nTimothyton, GU 23718-2355,  ptaylor@gmail.com
 Mr. James Sanchez Jr.,  465 Miller Junctions Apt. 206\nPort Margaretside, TN 96064-7562,  lortiz@yahoo.com
 David Robbins,  243 Jones Tunnel Apt. 767\nGutierrezhaven, IN 95488,  anita49@yahoo.com
 Patrick Kelly,  9289 Henry Pine\nAaronside, TX 51158-0576,  andersontheresa@hotmail.com
 Erica Fox,  139 Kyle Fall Suite 283\nSouth Rickville, PW 06106,  palvarado@gmail.com
 Daniel Stewart,  888 Jeanne Ville Apt. 989\nZacharyside, AZ 18619-8261,  hking@yahoo.com
 Joanna Turner,  8144 John Centers\nHelenburgh, WY 05784,  kmercer@gmail.com
 Eric Benitez,  9266 Johnson Ports Apt. 092\nBrandonland, OR 10736-1730,  felicia58@gmail.com
 Ashley Larson,  9510 Katherine Ports\nWatsonton, MN 99877-6070,  christopher45@hotmail.com
 Daniel Cook,  4798 Ramirez Prairie\nLake Richard, DC 05134,  dale50@yahoo.com
 Gary Wilkins,  578 Lopez Burg Apt. 139\nWest Joshua, AS 92989,  gibsonrobert@yahoo.com
 Bob Jackson,  00852 Taylor Tunnel\nMelissaside, SD 53050-9295,  steven34@yahoo.com
 William Hopkins,  2495 Carlos Pass\nDarrellton, VT 49973,  ogreene@gmail.com
 Andrew Wall,  3187 Andrew Centers\nSouth Nancyview, KY 13269-7386,  sarahlee@yahoo.com
 Mrs. Diane French MD,  90892 Robinson Pine\nEast Rose, UT 91559,  wagnerjennifer@gmail.com
 Heather Brown,  2370 Sharon Valleys Apt. 050\nLake Tammy, MA 00114-7207,  dale44@yahoo.com
 Sean Fernandez,  69537 Gary Trace Apt. 194\nNorth Arthur, SD 16057,  melissataylor@yahoo.com
 Andrew Miller,  020 Brian Shores\nSouth Michelle, KS 07416,  medinaphillip@gmail.com
 Cheryl Pierce,  251 Cervantes Drive Suite 450\nJohnsonshire, NV 52778,  debralawson@yahoo.com
 Tiffany Rios,  7324 Grant Tunnel\nLake Carrie, TX 38599-7366,  trodriguez@gmail.com
 Emily Potter,  527 Williams Forks Apt. 414\nMolinafurt, ID 89993,  abryan@gmail.com
 Barbara Logan,  708 Moore Shores\nSouth Dillontown, VA 55133,  lawrencetracy@gmail.com
 Timothy Molina,  199 Katherine Locks Suite 046\nDavisville, AS 42543,  stanley10@gmail.com
 Todd Kim,  64415 Nathan Prairie\nDanielport, NE 35994,  vtate@yahoo.com
 Mary Williams MD,  Unit 6368 Box 8422\nDPO AE 66303-1474,  millerdanielle@gmail.com
 Ronald Blake,  77512 James Flats Apt. 721\nDavidborough, AR 04908,  brucedustin@gmail.com
 Cheryl Sutton,  82799 Whitney Turnpike\nWestport, ND 09919,  virginia71@yahoo.com
 Lisa Roberts,  377 Shannon Roads\nSouth Cheryl, MD 98670-2534,  nadams@gmail.com
 William Jackson,  95661 Kevin Rue Apt. 999\nHillshire, UT 83562-8689,  reynoldslinda@gmail.com
 David White,  29193 Carrie Roads\nAprilburgh, WV 18533-3760,  holly75@hotmail.com
 Daniel Castro,  288 Bell Mountains\nPort Christy, HI 15471-6889,  ygomez@hotmail.com
 Joseph Howe,  104 Tiffany Mountains\nPort John, MP 84878,  danielhorn@gmail.com
 Cory Hicks,  784 Bell Place\nWest Jennifer, NM 21943-0841,  lauren53@hotmail.com
 Christopher Lopez,  0961 Justin Wall Suite 042\nBowenview, AZ 88493-9013,  robertbright@yahoo.com
 Ernest Conway,  531 Taylor Crest\nRussellmouth, OH 56582,  sara68@hotmail.com
 Billy Brewer,  81977 Casey Roads Suite 035\nClaybury, NJ 65474-8970,  paulburch@hotmail.com
 Albert Burns,  693 Bullock Freeway Apt. 720\nErinchester, OH 50827-9671,  smithsharon@gmail.com
 Ashley Holloway,  93278 Angie Path\nNew Lisa, WA 33092,  stephanie59@hotmail.com
 Cynthia Barr,  93016 Stephenson Oval\nEast Dillonton, MH 45399,  bennetttanya@hotmail.com
 Rebecca Valentine,  4795 Walker Hill Apt. 710\nLake Joseph, MT 31517-1272,  rossmiller@yahoo.com
 Eric Webb,  186 Foster Flats Suite 495\nRoberthaven, NV 28954-4140,  rosalesjamie@hotmail.com
 Cristina Chapman,  05489 Livingston Trail\nEast Terriburgh, IA 79409-4906,  jcarroll@yahoo.com
 Zachary Martin,  9679 Clayton Port\nPort Stacyshire, TN 19204,  codyhorn@yahoo.com
 Tonya Mccall,  321 Phillip Cliffs\nMatthewhaven, NC 58984-3163,  dramirez@hotmail.com
 James Hawkins,  69517 James Estate Suite 512\nSouth David, TN 37187,  bfinley@yahoo.com
 Brittney Lee,  035 Brown Inlet Suite 565\nLake Adam, AK 91761,  berryrebecca@yahoo.com
 Tanner Delgado,  1819 Gomez Lake Apt. 043\nMillerside, UT 98138,  lhenry@yahoo.com
 Rachel Dominguez,  1629 Paul Keys Apt. 853\nSouth Sarabury, MS 22870-5007,  shawnhatfield@yahoo.com
 Steven Jackson,  PSC 6587, Box 1191\nAPO AE 61347-9015,  mhaynes@hotmail.com
 Phillip Perkins,  648 Jones Ridges\nWest Evelynstad, SC 20551,  dana20@hotmail.com
 Jessica Lewis,  898 Zhang Union\nChristinamouth, MO 15044,  lawrencemichael@gmail.com
 Laura Jones,  844 Cathy Fort Suite 714\nEast Dale, AZ 48803-8829,  jmunoz@hotmail.com
 Jamie Osborne,  07601 Cooper Ways\nNew George, MN 90916-5816,  xduncan@gmail.com
 Margaret Glass,  770 Thompson Spring\nSouth Gracechester, CT 05954-3313,  jefferyfowler@yahoo.com
 Wesley Warren Jr.,  646 Tran Place\nLake Tannerview, ME 54030,  markwright@yahoo.com
 Christina Valencia,  187 Shannon Hill Suite 129\nJimenezchester, OH 42921,  anna35@yahoo.com
 Jennifer Payne,  744 Ramos Underpass Apt. 904\nEast Tiffany, IN 23843,  xhill@yahoo.com
 Julie Silva,  PSC 4163, Box 4237\nAPO AE 88303,  jhines@yahoo.com
 Ryan Cook,  2092 Steele Islands Apt. 365\nAlexamouth, CO 61517,  teresapearson@hotmail.com
 Darren Jones,  55712 Emily Squares\nSouth Erika, ND 33761-5486,  ortizchristopher@gmail.com
 Kimberly Murray,  00948 Willis Springs\nWalkerview, PA 86532-3370,  ajohnson@hotmail.com
 Matthew Santiago,  990 Thomas Lodge Apt. 682\nWest Larryberg, MP 46112-7994,  andrea81@yahoo.com
 Greg Mcpherson,  2752 Brian Inlet Apt. 270\nNorth Teresaport, WY 19130-4883,  swiley@hotmail.com
 Andrew Phillips,  01925 Bryan Centers\nKellyville, VA 06993-7105,  fernandezrichard@hotmail.com
 Kristine Fox,  3806 Sean Crossing Suite 356\nMitchellberg, OH 28256-6282,  jennifer87@yahoo.com
 Matthew Jones,  7311 Alan Pike Suite 179\nJeffreyfort, NV 45529-3170,  reynoldsthomas@yahoo.com
 Craig Mayer,  62114 Nicholas Parkway\nKaylamouth, SD 12076,  mark34@gmail.com
 Ricky Weeks,  94927 Schwartz Village\nRomanport, WA 76162-3009,  boydtami@yahoo.com
 Teresa Galvan,  9667 Jessica Meadows Apt. 447\nAnthonyton, VT 85036,  john05@hotmail.com
 Courtney Ford,  61326 Brittany Village\nCooperton, VT 66757-3272,  michelle74@yahoo.com
 Miss Dana Joyce,  22638 Ayers Centers Suite 804\nLake Davidmouth, NE 55691,  sarah71@hotmail.com
 Joseph Bennett,  784 Murphy Hollow\nSouth Andrewland, ME 18800,  joneslauren@gmail.com
 Crystal Elliott,  780 Davis Flats\nNew Markbury, ID 17111,  rogersashley@hotmail.com
 Samantha Long,  4996 Paul Lodge\nJoshuahaven, OK 67371-2736,  rodriguezmercedes@gmail.com
 Tanya Gomez,  0529 Andrews Valley\nSophiashire, WV 46234,  wandasimpson@hotmail.com
 Kelly Frazier,  4958 Amy View\nPort Matthew, NM 74879-0970,  matthewjohnson@hotmail.com
 Shane Simpson,  073 Mark Cove Apt. 744\nHeatherstad, OR 19174-2927,  michele63@gmail.com
 Alexa Howard,  533 Sandy Wall\nAndradeburgh, TN 90807-2680,  olsonjohn@hotmail.com
 Ryan Henderson,  6092 Morris Orchard Apt. 641\nLake Kristi, ID 15264-2962,  wholden@gmail.com
 Jacob Johnson,  99313 Ponce Street\nWilliamschester, SC 13871-4937,  lauracampbell@gmail.com
 James Jones,  6241 Robert Spring Suite 247\nLake John, TN 63055-3873,  hunter87@gmail.com
 Christopher Bradford,  644 Alyssa Dam\nEast Adriana, NC 64685-4238,  zabbott@gmail.com
 Javier Gomez,  8296 Kenneth Via Suite 431\nKeyport, TN 96862-9878,  bautistakristen@yahoo.com
 Brian Washington,  81379 Theodore Plain\nMasonfort, AL 54422,  asims@yahoo.com
 Cynthia Palmer,  4420 Rose Falls Apt. 661\nAntonioberg, SD 18412,  normanraymond@hotmail.com
 Debbie Graves,  930 Rangel Tunnel\nPaulland, GU 70119,  gmeyer@yahoo.com
 Brandy Dixon,  6839 Aaron Flat Suite 983\nDavidbury, AL 42040,  payneerin@yahoo.com
 Isaac Garcia,  132 Snyder Haven Suite 880\nBernardfurt, WI 40005,  charlesrogers@gmail.com
 Devin Davis,  77378 Booth Fords Suite 843\nMichelleton, TX 00348-7302,  aaron58@yahoo.com
 Kimberly Schmidt,  074 Anthony Track Apt. 527\nBrownborough, DE 20785,  elizabethwilliams@gmail.com
 Joshua Mathews,  6305 Morris Lakes\nKevinshire, RI 65081-3903,  twilliams@yahoo.com
 Matthew Lopez,  95990 Anthony Divide\nAndersonton, PW 24783-4993,  wisebrandi@gmail.com
 Rachel Castillo,  86251 Cody Pines\nTiffanyfort, HI 04132,  schmidtlaura@yahoo.com
 Dylan Coleman,  713 Susan Ridge Apt. 804\nLake Davidstad, VI 05366-2403,  anna95@gmail.com
 Kaitlin Davis,  005 Michael Ford\nEast Josephtown, WA 31005,  anthony47@gmail.com
 Stacy Harris,  71234 Timothy Squares Suite 408\nWest Isabel, VA 23117,  jeffersonheather@hotmail.com
 Mark Ortega,  689 Pamela Island\nWilliamsside, NY 51413-8396,  jason91@gmail.com
 Anthony Clark,  75770 Amanda Springs Apt. 094\nEast Megan, IN 39336,  sarah54@hotmail.com
 Dawn Allen,  025 Kelsey Unions\nDavisport, VA 39642,  millermegan@hotmail.com
 Adrienne Phillips,  56395 Louis Turnpike Apt. 916\nPort Jonathan, HI 94726-8741,  oneillashley@yahoo.com
 Raven Carlson,  6620 Parks Keys Suite 397\nNew Robert, DC 61885-5727,  yanderson@yahoo.com
 Matthew Richardson,  83951 Shannon Key Suite 797\nEricatown, IL 10825,  vsmith@hotmail.com
 Anthony Petersen,  461 Atkins Trail\nLake Davidshire, PW 09775,  fordkaren@gmail.com
 Raven Rice,  4113 Charles Green\nNorth Christopherborough, CT 84547-1472,  shawn07@hotmail.com
 Robert Fleming,  151 Patricia Plaza Apt. 554\nDanielside, VT 88080,  joestevens@gmail.com
 Carly Wall,  027 Garcia Points Apt. 634\nRodriguezshire, CA 04722-5724,  nsummers@yahoo.com
 Leslie Alexander,  1542 Morrow Plains\nWellsmouth, OK 10583,  mark31@gmail.com
 Paula Berry,  03598 Robinson Haven\nJacobmouth, IL 43577-2500,  greensuzanne@hotmail.com
 Eric Howard,  9492 Tate Haven\nCraigview, NY 36132-1050,  kwhite@gmail.com
 Matthew Clark,  USNS Mendoza\nFPO AE 99828,  tami23@gmail.com
 Ryan Howard,  5640 Arthur Courts Suite 412\nEast Karenhaven, MP 77573-0754,  norrisbrian@yahoo.com
 Luis Garrison,  279 Gaines Trace Apt. 763\nJustintown, NM 98396,  michelewebb@hotmail.com
 Mrs. Samantha Norris,  Unit 4198 Box 4803\nDPO AA 15577-5451,  michaelwilson@yahoo.com
 Kristin Valdez,  30428 Morris Gardens Apt. 408\nJerryborough, IL 21002,  carlosfields@gmail.com
 Erin Jensen,  531 Carla Forks Suite 802\nJohnsonmouth, MH 38942,  fowlerashley@gmail.com
 Todd Lewis,  7140 Christine Parks Apt. 260\nNew Jasonshire, DC 34317-2425,  amberdavis@yahoo.com
 Allison Smith,  2622 Berry Court Suite 958\nPort Melanie, RI 79682,  murphyjulie@gmail.com
 Allen Mendoza,  19798 James Mountain Apt. 763\nZacharymouth, FM 24260-3989,  fisheredward@yahoo.com
 Kimberly Mora,  348 Arnold Flats\nRamseyland, SD 43489-7502,  julia11@hotmail.com
 Mark Martinez,  1215 Derrick Mill\nLake Dorothyton, VT 46919,  johnsonjason@yahoo.com
 Scott Stewart,  250 Laurie Centers Apt. 099\nRyanville, PA 34563,  cdavis@hotmail.com
 Matthew Brown,  6692 Deleon Motorway\nThomasfort, IL 32418-6080,  davidyoung@gmail.com
 Troy Phillips,  USS Garcia\nFPO AP 64839,  nchavez@hotmail.com
 Kim Boyd,  8896 Burke Village\nTaylorborough, FM 58760,  sschwartz@gmail.com
 Thomas Hinton,  2717 Richards Cove\nFerrellburgh, PR 35045-7886,  charles76@hotmail.com
 Tara Donaldson,  81901 Jensen Plains Suite 330\nPort Destiny, LA 23989-2544,  leslienoble@gmail.com
 Kevin Watson,  576 Smith Spur Apt. 724\nNew Saraton, DC 16191,  eleonard@hotmail.com
 Stacy Jackson,  42504 Vicki Vista\nMichaelshire, AZ 86840-8566,  tamara16@gmail.com
 Michael Jones,  67294 Rick Shoals Suite 821\nPort Ethanshire, NH 55618-8816,  jerryallen@gmail.com
 Bryan Bailey,  6065 Melissa Prairie\nBraunberg, TN 80243,  fmccullough@gmail.com
 Jillian Russell,  404 Daniel Loaf\nNorth Karen, IL 23569,  jorge90@gmail.com
 Patricia Contreras,  5544 Christian Skyway Apt. 655\nNorth Sarahborough, AS 56998,  craigjames@hotmail.com
 Michael Costa,  PSC 7509, Box 3154\nAPO AP 59352,  nelsonjohn@yahoo.com
 Megan Colon,  5094 Burton Cliffs\nCrosstown, MN 64291,  mitchellbell@hotmail.com
 Michelle Wang,  191 Zuniga Run Suite 969\nPort Ericamouth, HI 23466,  stacie04@hotmail.com
 Thomas Davis,  6334 Peterson Route Apt. 711\nHeathtown, WY 12230,  eflores@gmail.com
 Mr. Brett Watkins MD,  152 George Estates\nKellerfort, CT 87427-0356,  jameskevin@hotmail.com
 Nicole Martin,  59094 Gates Light\nSouth Douglas, WY 84803,  pennyirwin@hotmail.com
 Melissa Bishop,  551 James Islands\nNorth Alyssa, PR 50182-6763,  usnow@yahoo.com
 Elaine Roach,  USCGC George\nFPO AP 31816-7204,  hannahwalker@hotmail.com
 Jimmy Mayer,  970 Courtney Glens Suite 293\nSouth Jenniferhaven, MS 18307,  taylorkatrina@hotmail.com
 James Gibbs DDS,  9175 Soto Loop Apt. 290\nJeffreymouth, CT 40920,  joseph38@gmail.com
 Meghan Parrish,  6965 Jessica Freeway Apt. 055\nSarahmouth, RI 92889,  leah45@hotmail.com
 James Edwards,  77174 Dave Summit\nLake Elaineton, CO 98110-7368,  whitneymoreno@yahoo.com
 Jessica Ramsey,  361 Ortiz Loop\nMatthewstad, PR 17924,  fuentesbrad@yahoo.com
 Erin Patel,  52768 Roberts Centers Suite 068\nNorth Richard, WA 44765-5001,  ywalton@yahoo.com
 Brittany Allen,  USNV Young\nFPO AE 47937,  michael33@gmail.com
 Audrey Dominguez,  97870 Maxwell Crossing Suite 782\nSouth Taylor, PW 59589,  kendra49@yahoo.com
 James Gilbert,  PSC 1660, Box 8389\nAPO AE 56895-0846,  chobbs@yahoo.com
 Bryan Rangel,  57628 Walker Drive\nEast Megantown, WA 27871,  hubbardaaron@yahoo.com
 Susan Stewart,  1418 Francis Wall\nEast Justinmouth, CO 12256-4013,  ebrown@yahoo.com
 Kyle Herrera,  516 Townsend Pines\nJenkinsville, NC 70972,  katherine25@gmail.com
 Jill Barnett,  3930 Reed Run Apt. 263\nPhilipton, MO 65506,  jimenezmelissa@yahoo.com
